store_alias,dt,total_sales,weekday,is_weekend,holiday_name_inferred,previous_day_sales,trailing_7d_avg_sales,same_weekday_4w_avg_sales,day_over_day_abs_change,day_over_day_pct_change,trailing_7d_abs_change,trailing_7d_pct_change,same_weekday_4w_abs_change,same_weekday_4w_pct_change,baseline_sales_floor
city_0,2024-03-28,19833.85,thursday,False,normal_weekday,,,,,,,,,,
city_0,2024-03-29,19288.94,friday,False,normal_weekday,19833.85,,,-544.9099999999999,-2.7473738079092054,,,,,19833.85
city_0,2024-03-30,25883.07,saturday,True,weekend,19288.94,,,6594.130000000001,34.18606724890015,,,,,19288.94
city_0,2024-03-31,27077.6,sunday,True,weekend,25883.07,21668.62,,1194.5299999999988,4.6151016861600995,5408.98,24.96227263203656,,,25883.07
city_0,2024-04-01,19550.33,monday,False,normal_weekday,27077.6,23020.864999999998,,-7527.269999999997,-27.798881732502135,-3470.534999999996,-15.07560641183551,,,27077.6
city_0,2024-04-02,21502.93,tuesday,False,normal_weekday,19550.33,22326.757999999998,,1952.5999999999985,9.987555197277992,-823.8279999999977,-3.6898684529119623,,,22326.757999999998
city_0,2024-04-03,18829.16,wednesday,False,normal_weekday,21502.93,22189.453333333335,,-2673.7700000000004,-12.434444980288735,-3360.293333333335,-15.143650827510251,,,22189.453333333335
city_0,2024-04-04,24756.36,thursday,False,qingming_period,18829.16,21709.411428571428,,5927.200000000001,31.47883389381152,3046.948571428573,14.035150521946118,,,21709.411428571428
city_0,2024-04-05,22614.9,friday,False,qingming_period,24756.36,22412.62714285714,,-2141.459999999999,-8.650140812300352,202.27285714285972,0.9024950794638266,,,24756.36
city_0,2024-04-06,27112.28,saturday,True,qingming_period,22614.9,22887.764285714282,,4497.379999999997,19.886800295380468,4224.515714285717,18.45752892921266,,,22887.764285714282
city_0,2024-04-07,23578.4,sunday,True,weekend,27112.28,23063.365714285716,,-3533.8799999999974,-13.03424131057955,515.0342857142859,2.2331271684048604,,,27112.28
city_0,2024-04-08,21887.66,monday,False,normal_weekday,23578.4,22563.480000000003,,-1690.7400000000016,-7.170715570182885,-675.8200000000033,-2.995194003761845,,,23578.4
city_0,2024-04-09,22747.12,tuesday,False,normal_weekday,21887.66,22897.384285714284,,859.4599999999991,3.92668745768163,-150.2642857142855,-0.6562508793112917,,,22897.384285714284
city_0,2024-04-10,21123.83,wednesday,False,normal_weekday,22747.12,23075.125714285714,,-1623.2899999999972,-7.136244060786584,-1951.2957142857122,-8.456273384797523,,,23075.125714285714
city_0,2024-04-11,20759.39,thursday,False,normal_weekday,21123.83,23402.93571428571,,-364.4400000000023,-1.7252553159157327,-2643.545714285712,-11.295786761795139,,,23402.93571428571
city_0,2024-04-12,26304.588,friday,False,normal_weekday,20759.39,22831.940000000002,,5545.198,26.71175790810809,3472.6479999999974,15.209605491254782,,,22831.940000000002
city_0,2024-04-13,29999.69,saturday,True,weekend,26304.588,23359.038285714283,,3695.101999999999,14.047366946024772,6640.651714285716,28.42861779265522,,,26304.588
city_0,2024-04-14,30524.33,sunday,True,weekend,29999.69,23771.52542857143,,524.640000000003,1.7488180711200785,6752.804571428573,28.40711502389432,,,29999.69
city_0,2024-04-15,22859.05,monday,False,normal_weekday,30524.33,24763.801142857144,,-7665.2800000000025,-25.112033581081068,-1904.7511428571452,-7.691675166784928,,,30524.33
city_0,2024-04-16,23385.25,tuesday,False,normal_weekday,22859.05,24902.57114285714,,526.2000000000007,2.30193293247095,-1517.3211428571412,-6.0930300495993475,,,24902.57114285714
city_0,2024-04-17,26868.42,wednesday,False,normal_weekday,23385.25,24993.732571428573,,3483.1699999999983,14.894730652868788,1874.6874285714257,7.500630100821606,,,24993.732571428573
city_0,2024-04-18,20948.83,thursday,False,normal_weekday,26868.42,25814.388285714285,21783.2,-5919.5899999999965,-22.031775593801186,-4865.558285714284,-18.84824165446868,-834.369999999999,-3.830337140548675,26868.42
city_0,2024-04-19,25591.9,friday,False,normal_weekday,20948.83,25841.451142857142,22736.142666666667,4643.07,22.163863089251283,-249.5511428571408,-0.9657009642282394,2855.757333333335,12.560430215456666,25841.451142857142
city_0,2024-04-20,30783.329,saturday,True,weekend,25591.9,25739.63857142857,27665.013333333332,5191.429,20.285437970607887,5043.69042857143,19.59503205367464,3118.315666666669,11.27169406750091,27665.013333333332
city_0,2024-04-21,32753.89,sunday,True,weekend,30783.329,25851.587,27060.11,1970.5609999999979,6.4013901810294715,6902.303,26.699726403644004,5693.779999999999,21.041230061518593,30783.329
city_0,2024-04-22,24478.66,monday,False,normal_weekday,32753.89,26170.09557142857,21432.346666666668,-8275.23,-25.264876935228152,-1691.4355714285703,-6.46323803752253,3046.3133333333317,14.21362476406378,32753.89
city_0,2024-04-23,26479.59,tuesday,False,normal_weekday,24478.66,26401.46842857143,22545.100000000002,2000.9300000000003,8.174181103050577,78.12157142857177,0.29589858473186026,3934.489999999998,17.45164137661841,26401.46842857143
city_0,2024-04-24,20676.41,wednesday,False,normal_weekday,26479.59,26843.517,22273.803333333333,-5803.18,-21.915671655036956,-6167.107,-22.974288354242105,-1597.3933333333334,-7.171623585913557,26843.517
city_0,2024-04-25,21860.9,thursday,False,normal_weekday,20676.41,25958.944142857148,21574.6075,1184.4900000000016,5.728702419810797,-4098.044142857147,-15.786636468358683,286.2925000000032,1.326988219832056,25958.944142857148
city_0,2024-04-26,23499.12,friday,False,normal_weekday,21860.9,26089.239857142857,23450.082000000002,1638.2199999999975,7.493836026879028,-2590.1198571428577,-9.927923815816813,49.03799999999683,0.2091165395498268,26089.239857142857
city_0,2024-04-27,31196.97,saturday,True,weekend,23499.12,25790.271285714287,28444.59225,7697.850000000002,32.758035194509425,5406.698714285714,20.964101751347556,2752.3777499999997,9.676277746607528,28444.59225
city_0,2024-04-28,25456.41,sunday,True,weekend,31196.97,25849.36285714286,28483.555,-5740.560000000001,-18.401017791150874,-392.95285714286,-1.5201645754849884,-3027.1450000000004,-10.627693769264408,31196.97
city_0,2024-04-29,21131.389,monday,False,normal_weekday,25456.41,24806.865714285716,22193.925,-4325.021000000001,-16.989909417706585,-3675.4767142857163,-14.81636880941832,-1062.536,-4.787508293373074,25456.41
city_0,2024-04-30,25427.99,tuesday,False,normal_weekday,21131.389,24328.684142857142,23528.7225,4296.601000000002,20.332790239202932,1099.3058571428592,4.518558630987913,1899.2675000000017,8.072123337763033,24328.684142857142
city_0,2024-05-01,27610.34,wednesday,False,labor_day_period,25427.99,24178.45557142857,21874.455,2182.3499999999985,8.582471520556672,3431.8844285714295,14.193977024019894,5735.884999999998,26.221841869888863,25427.99
city_0,2024-05-02,21228.14,thursday,False,labor_day_period,27610.34,25169.017,22081.37,-6382.200000000001,-23.11525319862052,-3940.8770000000004,-15.657651627793015,-853.2299999999996,-3.864026552700306,27610.34
city_0,2024-05-03,22440.21,friday,False,labor_day_period,21228.14,25078.622714285713,24502.627,1212.0699999999997,5.709732458896539,-2638.412714285714,-10.520564643220126,-2062.4170000000013,-8.417126049382384,25078.622714285713
city_0,2024-05-04,27975.52,saturday,True,labor_day_period,22440.21,24927.349857142857,29773.06725,5535.310000000001,24.666926022528315,3048.170142857143,12.228215836525033,-1797.5472499999996,-6.037494339787916,29773.06725
city_0,2024-05-05,34598.71,sunday,True,labor_day_period,27975.52,24467.142714285717,28078.2575,6623.189999999999,23.674948669408106,10131.567285714282,41.40886986284151,6520.452499999999,23.2224257506008,28078.2575
city_0,2024-05-06,25404.99,monday,False,normal_weekday,34598.71,25773.18557142857,22589.189749999998,-9193.719999999998,-26.572435793126388,-368.19557142856866,-1.428599388337699,2815.800250000004,12.465255642912133,34598.71
city_0,2024-05-07,26221.94,tuesday,False,normal_weekday,25404.99,26383.7,24509.9875,816.9499999999971,3.215706835546863,-161.76000000000204,-0.6131058191231785,1711.9524999999994,6.9847138844930035,26383.7
city_0,2024-05-08,23237.669,wednesday,False,normal_weekday,26221.94,26497.12142857143,24069.75,-2984.270999999997,-11.38081697997935,-3259.4524285714288,-12.301156702466603,-832.0809999999983,-3.456957384268629,26497.12142857143
city_0,2024-05-09,22887.01,thursday,False,normal_weekday,23237.669,25872.454142857143,21199.315000000002,-350.6590000000033,-1.5090110802421846,-2985.4441428571445,-11.53908371572615,1687.694999999996,7.961082704794924,25872.454142857143
city_0,2024-05-10,25462.4,friday,False,normal_weekday,22887.01,26109.43557142857,24458.9545,2575.390000000003,11.252627582196203,-647.0355714285688,-2.478167594463883,1003.4455000000016,4.1025690611591825,26109.43557142857
city_0,2024-05-11,29288.66,saturday,True,weekend,25462.4,26541.177,29988.877249999998,3826.2599999999984,15.027098780947586,2747.483,10.351775281103775,-700.2172499999979,-2.3349231922312064,29988.877249999998
city_0,2024-05-12,37557.31,sunday,True,weekend,29288.66,26728.768428571428,30833.335,8268.649999999998,28.23157495085128,10828.54157142857,40.512684302556636,6723.9749999999985,21.80748530770349,30833.335
city_0,2024-05-13,25338.2,monday,False,normal_weekday,37557.31,27151.425571428572,23468.522249999998,-12219.109999999997,-32.53457183168869,-1813.2255714285711,-6.678196570778322,1869.6777500000026,7.966746819774742,37557.31
city_0,2024-05-14,26354.799,tuesday,False,normal_weekday,25338.2,27141.884142857143,25378.692499999997,1016.5989999999983,4.012120040097553,-787.0851428571441,-2.899891321893654,976.1065000000017,3.846165439768033,27141.884142857143
city_0,2024-05-15,23662.73,wednesday,False,normal_weekday,26354.799,27160.864,24598.209749999998,-2692.0689999999995,-10.214720286806207,-3498.134000000002,-12.879317830242815,-935.4797499999986,-3.8030399752973834,27160.864
city_0,2024-05-16,22573.48,thursday,False,normal_weekday,23662.73,27221.587,21731.22,-1089.25,-4.603230481013814,-4648.107,-17.07507721721,842.2599999999984,3.875806328406773,27221.587
city_0,2024-05-17,24465.96,friday,False,normal_weekday,22573.48,27176.797,24248.4075,1892.4799999999996,8.383643106866995,-2710.8369999999995,-9.974821536180292,217.55249999999796,0.8971826294159645,27176.797
city_0,2024-05-18,33149.0,saturday,True,weekend,24465.96,27034.448428571428,29811.11975,8683.04,35.49028936530592,6114.551571428572,22.617630197205695,3337.8802499999983,11.196762409436158,29811.11975
city_0,2024-05-19,33885.46,sunday,True,weekend,33149.0,27585.925571428572,32591.579999999998,736.4599999999991,2.2216658119400257,6299.534428571427,22.83604518637581,1293.880000000001,3.969982431045077,33149.0
city_0,2024-05-20,25639.88,monday,False,normal_weekday,33885.46,27061.375571428573,24088.30975,-8245.579999999998,-24.333681762030082,-1421.4955714285716,-5.252857777597189,1551.5702500000007,6.441175267600503,33885.46
city_0,2024-05-21,27194.26,tuesday,False,normal_weekday,25639.88,27104.472714285715,26121.079749999997,1554.3799999999974,6.062352865926039,89.78728571428292,0.3312637241120707,1073.1802500000013,4.108483494063837,27104.472714285715
city_0,2024-05-22,23909.45,wednesday,False,normal_weekday,27194.26,27224.395714285714,23796.78725,-3284.8099999999977,-12.079056389105634,-3314.9457142857136,-12.176379410126744,112.6627499999995,0.47343680815568706,27224.395714285714
city_0,2024-05-23,22627.84,thursday,False,normal_weekday,23909.45,27259.641428571427,22137.3825,-1281.6100000000006,-5.360265501715851,-4631.801428571427,-16.991424633035468,490.45750000000044,2.2155171235804434,27259.641428571427
city_0,2024-05-24,23685.04,friday,False,normal_weekday,22627.84,27267.407142857144,23966.9225,1057.2000000000007,4.672120715013014,-3582.3671428571433,-13.137909021157391,-281.8824999999997,-1.1761313952594443,27267.407142857144
city_0,2024-05-25,32325.15,saturday,True,weekend,23685.04,27155.847142857147,30402.5375,8640.11,36.479186862255666,5169.302857142855,19.035689919555857,1922.612500000003,6.323855368980313,30402.5375
city_0,2024-05-26,34200.84,sunday,True,weekend,32325.15,27038.154285714285,32874.472499999996,1875.689999999995,5.802571681801925,7162.685714285712,26.49103055851022,1326.3675000000003,4.0346426851411845,32874.472499999996
city_0,2024-05-27,27854.89,monday,False,normal_weekday,34200.84,27083.20857142857,24378.61475,-6345.949999999997,-18.554953621022165,771.6814285714281,2.849298400284497,3476.275249999999,14.259527399931526,34200.84
city_0,2024-05-28,25838.74,tuesday,False,normal_weekday,27854.89,27399.638571428568,26299.74725,-2016.1499999999978,-7.238046892305078,-1560.8985714285664,-5.696785259993245,-461.00724999999875,-1.7528961233648308,27854.89
city_0,2024-05-29,23676.64,wednesday,False,normal_weekday,25838.74,27205.992857142857,24605.04725,-2162.100000000002,-8.367668082886402,-3529.352857142858,-12.972703755658879,-928.4072500000002,-3.773239045497059,27205.992857142857
city_0,2024-05-30,24116.28,thursday,False,normal_weekday,23676.64,27172.734285714283,22329.1175,439.6399999999994,1.8568513099831707,-3056.454285714284,-11.24823970078409,1787.1624999999985,8.003731002803843,27172.734285714283
city_0,2024-05-31,26764.758,friday,False,normal_weekday,24116.28,27385.36857142857,24013.4025,2648.478000000003,10.982116644855687,-620.6105714285695,-2.2662122286572353,2751.3555000000015,11.45758290604591,27385.36857142857
city_0,2024-06-01,30641.28,saturday,True,weekend,26764.758,27825.328285714284,30684.582499999997,3876.521999999997,14.483680368042172,2815.951714285715,10.120102395095348,-43.30249999999796,-0.1411213595622426,30684.582499999997
city_0,2024-06-02,32651.89,sunday,True,weekend,30641.28,27584.775428571425,35060.579999999994,2010.6100000000006,6.561768960043447,5067.114571428574,18.369243514595443,-2408.689999999995,-6.870080301010409,35060.579999999994
city_0,2024-06-03,24885.486,monday,False,normal_weekday,32651.89,27363.496857142858,26059.49,-7766.403999999999,-23.78546540491224,-2478.0108571428573,-9.055899799940983,-1174.0040000000008,-4.50509200295171,32651.89
city_0,2024-06-04,26234.529,tuesday,False,normal_weekday,24885.486,26939.296285714285,26402.43475,1349.0429999999978,5.421003230557755,-704.7672857142861,-2.6161310163399447,-167.90575000000172,-0.6359479782447023,26939.296285714285
city_0,2024-06-05,24213.95,wednesday,False,normal_weekday,26234.529,26995.83757142857,23621.62225,-2020.578999999998,-7.701983138328872,-2781.8875714285678,-10.304875942700212,592.3277500000004,2.5075659229966747,26995.83757142857
city_0,2024-06-06,22083.18,thursday,False,normal_weekday,24213.95,27072.596142857143,23051.152499999997,-2130.7700000000004,-8.799762120595773,-4989.416142857142,-18.429766087186117,-967.9724999999962,-4.199236892819118,27072.596142857143
city_0,2024-06-07,24326.299,friday,False,normal_weekday,22083.18,26782.153285714285,25094.539500000003,2243.118999999999,10.157590528175737,-2455.8542857142857,-9.169741728811061,-768.2405000000035,-3.061385127230581,26782.153285714285
city_0,2024-06-08,30447.3,saturday,True,dragon_boat_period,24326.299,26433.802,31351.0225,6121.001,25.162072537215796,4013.4979999999996,15.18320368746047,-903.7224999999999,-2.8825933827198136,31351.0225
city_0,2024-06-09,28147.26,sunday,True,dragon_boat_period,30447.3,26406.090571428573,34573.875,-2300.040000000001,-7.5541673645939085,1741.1694285714257,6.593817528049281,-6426.615000000002,-18.588066856839163,34573.875
city_0,2024-06-10,32282.83,monday,False,dragon_boat_period,28147.26,25762.571999999996,25929.614,4135.570000000003,14.692620169778529,6520.258000000005,25.309033585621833,6353.216,24.501776231609153,28147.26
city_0,2024-06-11,27487.68,tuesday,False,normal_weekday,32282.83,26819.335428571427,26405.582,-4795.1500000000015,-14.853561475248611,668.3445714285735,2.492025103338565,1082.0980000000018,4.09798958417202,32282.83
city_0,2024-06-12,23989.658,wednesday,False,normal_weekday,27487.68,26998.357,23865.6925,-3498.022000000001,-12.725781149955182,-3008.6990000000005,-11.14400776313907,123.96549999999843,0.5194297211363066,27487.68
city_0,2024-06-13,22856.34,thursday,False,normal_weekday,23989.658,26966.315285714285,22850.195,-1133.3179999999993,-4.724194067293495,-4109.975285714285,-15.24114526648582,6.145000000000437,0.026892549494656116,26966.315285714285
city_0,2024-06-14,25179.256,friday,False,normal_weekday,22856.34,27076.766714285714,24810.51425,2322.916000000001,10.163114479396093,-1897.5107142857123,-7.0078925386781314,368.74175000000105,1.4862317898146793,27076.766714285714
city_0,2024-06-15,32490.79,saturday,True,weekend,25179.256,27198.617714285716,31640.6825,7311.534,29.037927093636124,5292.172285714285,19.45750457360427,850.1075000000019,2.686754623576789,31640.6825
city_0,2024-06-16,32838.59,sunday,True,weekend,32490.79,27490.544857142853,32221.3625,347.79999999999563,1.0704571972549626,5348.045142857143,19.454125666292725,617.2274999999972,1.9155847304718951,32490.79
city_0,2024-06-17,25753.9,monday,False,normal_weekday,32838.59,28160.734857142856,27665.7715,-7084.689999999995,-21.574281965212258,-2406.834857142854,-8.54677574769456,-1911.8714999999975,-6.910602511120999,32838.59
city_0,2024-06-18,27917.779,tuesday,False,normal_weekday,25753.9,27228.030571428568,26688.80225,2163.878999999997,8.402141034950034,689.7484285714308,2.5332292277327273,1228.976749999998,4.604840406429247,27228.030571428568
city_0,2024-06-19,30060.59,wednesday,False,normal_weekday,27917.779,27289.473285714284,23947.4245,2142.8110000000015,7.67543506953043,2771.1167142857157,10.154526198702275,6113.165499999999,25.52744450661072,27917.779
city_0,2024-06-20,28780.01,thursday,False,normal_weekday,30060.59,28156.749285714286,22920.91,-1280.5800000000017,-4.2599962276189585,623.2607142857123,2.2135393115210644,5859.0999999999985,25.562248619273838,30060.59
city_0,2024-06-21,31624.27,friday,False,normal_weekday,28780.01,29002.98785714286,24988.83825,2844.260000000002,9.882762375690636,2621.2821428571406,9.037972762559948,6635.43175,26.55358237792427,29002.98785714286
city_0,2024-06-22,36642.7,saturday,True,weekend,31624.27,29923.70414285714,31476.13,5018.429999999997,15.868919662019065,6718.995857142858,22.453757145392373,5166.569999999996,16.414247876088947,31624.27
city_0,2024-06-23,36712.76,sunday,True,weekend,36642.7,30516.834142857144,31959.644999999997,70.06000000000495,0.19119770104278602,6195.925857142858,20.303304819032462,4753.115000000005,14.872239663488147,36642.7
city_0,2024-06-24,26717.819,monday,False,normal_weekday,36712.76,31070.287000000004,27694.2765,-9994.941000000003,-27.22470606949737,-4352.468000000004,-14.008457662460613,-976.4575000000004,-3.5258458548285256,36712.76
city_0,2024-06-25,31708.86,tuesday,False,normal_weekday,26717.819,31207.98971428571,26869.682,4991.041000000001,18.680570446262852,500.8702857142889,1.604942485241244,4839.178,18.00980748488203,31207.98971428571
city_12,2024-03-28,3118.13,thursday,False,normal_weekday,,,,,,,,,,
city_12,2024-03-29,3010.53,friday,False,normal_weekday,3118.13,,,-107.59999999999991,-3.4507862084005447,,,,,3118.13
city_12,2024-03-30,4373.63,saturday,True,weekend,3010.53,,,1363.1,45.27774179297332,,,,,3010.53
city_12,2024-03-31,4888.58,sunday,True,weekend,4373.63,3500.763333333334,,514.9499999999998,11.773972649721165,1387.8166666666662,39.64325875594749,,,4373.63
city_12,2024-04-01,2975.739,monday,False,normal_weekday,4888.58,3847.7175,,-1912.841,-39.12876540835989,-871.9785000000002,-22.662227671340222,,,4888.58
city_12,2024-04-02,2976.15,tuesday,False,normal_weekday,2975.739,3673.3218,,0.4110000000000582,0.013811695178913815,-697.1718000000001,-18.979328192809028,,,3673.3218
city_12,2024-04-03,3501.9900000000002,wednesday,False,normal_weekday,2976.15,3557.1265000000003,,525.8400000000001,17.668464291114365,-55.13650000000007,-1.5500292159978022,,,3557.1265000000003
city_12,2024-04-04,4591.85,thursday,False,qingming_period,3501.9900000000002,3549.2498571428573,,1089.8600000000001,31.121162539013536,1042.600142857143,29.37522532427275,,,3549.2498571428573
city_12,2024-04-05,3757.77,friday,False,qingming_period,4591.85,3759.781285714286,,-834.0800000000004,-18.164356414081478,-2.0112857142858047,-0.05349475305725661,,,4591.85
city_12,2024-04-06,4586.71,saturday,True,qingming_period,3757.77,3866.5298571428575,,828.94,22.059359673423334,720.1801428571425,18.626007543345704,,,3866.5298571428575
city_12,2024-04-07,3384.579,sunday,True,weekend,4586.71,3896.969857142857,,-1202.1309999999999,-26.209003839353258,-512.3908571428569,-13.148442916582544,,,4586.71
city_12,2024-04-08,3916.57,monday,False,normal_weekday,3384.579,3682.112571428572,,531.991,15.718084878503353,234.45742857142795,6.367470413335679,,,3682.112571428572
city_12,2024-04-09,3439.98,tuesday,False,normal_weekday,3916.57,3816.5170000000003,,-476.59000000000015,-12.168555649458586,-376.53700000000026,-9.86598513775781,,,3916.57
city_12,2024-04-10,3035.62,wednesday,False,normal_weekday,3439.98,3882.778428571429,,-404.3600000000001,-11.754719504183168,-847.1584285714289,-21.818356214653218,,,3882.778428571429
city_12,2024-04-11,3239.4900000000002,thursday,False,normal_weekday,3035.62,3816.154142857143,,203.87000000000035,6.715926235826631,-576.6641428571429,-15.111133389003943,,,3816.154142857143
city_12,2024-04-12,3646.04,friday,False,normal_weekday,3239.4900000000002,3622.9598571428573,,406.5499999999997,12.54981494000598,23.08014285714262,0.6370521277413244,,,3622.9598571428573
city_12,2024-04-13,5104.76,saturday,True,weekend,3646.04,3606.9984285714286,,1458.7200000000003,40.0083378130794,1497.7615714285716,41.52376556542522,,,3646.04
city_12,2024-04-14,5359.79,sunday,True,weekend,5104.76,3681.0055714285713,,255.02999999999975,4.995925371613939,1678.7844285714286,45.60667991382324,,,5104.76
city_12,2024-04-15,3644.57,monday,False,normal_weekday,5359.79,3963.1785714285716,,-1715.2199999999998,-32.00162692941328,-318.6085714285714,-8.039218160026673,,,5359.79
city_12,2024-04-16,3828.209,tuesday,False,normal_weekday,3644.57,3924.3214285714284,,183.63899999999967,5.038701410591638,-96.11242857142861,-2.4491477143455205,,,3924.3214285714284
city_12,2024-04-17,4186.02,wednesday,False,normal_weekday,3828.209,3979.782714285714,,357.8110000000006,9.346694498654609,206.23728571428637,5.182124264573111,,,3979.782714285714
city_12,2024-04-18,3698.25,thursday,False,normal_weekday,4186.02,4144.125571428572,3649.8233333333337,-487.77000000000044,-11.652357131595176,-445.8755714285717,-10.759219616862827,48.42666666666628,1.3268222114860246,4186.02
city_12,2024-04-19,4445.541,friday,False,normal_weekday,3698.25,4209.662714285714,3471.4466666666667,747.2910000000002,20.206611235043606,235.878285714286,5.603258544059136,974.0943333333335,28.060184322770336,4209.662714285714
city_12,2024-04-20,5858.009,saturday,True,weekend,4445.541,4323.877142857144,4688.366666666667,1412.4679999999998,31.772690882841925,1534.1318571428565,35.48046825699419,1169.6423333333332,24.947757214666087,4688.366666666667
city_12,2024-04-21,5864.41,sunday,True,weekend,5858.009,4431.484142857143,4544.316333333333,6.40099999999984,0.10926920733648308,1432.9258571428572,32.335123199132035,1320.0936666666666,29.049334813766265,5858.009
city_12,2024-04-22,4630.029,monday,False,normal_weekday,5864.41,4503.572714285714,3512.293,-1234.3809999999994,-21.04868179407646,126.45628571428642,2.8079103799780203,1117.7360000000003,31.82354091757152,5864.41
city_12,2024-04-23,4495.91,tuesday,False,normal_weekday,4630.029,4644.3525714285715,3414.779666666667,-134.1190000000006,-2.896720517301308,-148.44257142857168,-3.1961951455143667,1081.130333333333,31.6603247901109,4644.3525714285715
city_12,2024-04-24,3437.13,wednesday,False,normal_weekday,4495.91,4739.738428571429,3574.5433333333335,-1058.7799999999997,-23.54984864020854,-1302.6084285714287,-27.482707077656997,-137.4133333333334,-3.844220660354751,4739.738428571429
city_12,2024-04-25,4260.308,thursday,False,normal_weekday,3437.13,4632.754142857143,3661.9300000000003,823.1779999999999,23.949574208714825,-372.44614285714306,-8.039410928624104,598.3779999999997,16.340508966583187,4632.754142857143
city_12,2024-04-26,4074.925,friday,False,normal_weekday,4260.308,4713.048142857143,3714.9702500000003,-185.3829999999998,-4.351399006832366,-638.1231428571427,-13.539499778381215,359.9547499999999,9.689303703037726,4713.048142857143
city_12,2024-04-27,5529.13,saturday,True,weekend,4074.925,4660.103,4980.77725,1454.205,35.68666907979901,869.027,18.648235886631692,548.35275,11.009381116170172,4980.77725
city_12,2024-04-28,4154.735,sunday,True,weekend,5529.13,4613.120285714286,4874.33975,-1374.3950000000004,-24.857346454143787,-458.3852857142865,-9.936556112221796,-719.6047500000004,-14.76312253367239,5529.13
city_12,2024-04-29,3627.476,monday,False,normal_weekday,4154.735,4368.881,3791.7270000000003,-527.2589999999996,-12.690556678103407,-741.4050000000002,-16.970134915553896,-164.2510000000002,-4.331825577105108,4368.881
city_12,2024-04-30,5075.899,tuesday,False,normal_weekday,3627.476,4225.659142857143,3685.06225,1448.4230000000002,39.92922351519349,850.2398571428575,20.12088122583345,1390.8367500000004,37.74255780889455,4225.659142857143
city_12,2024-05-01,5317.817,wednesday,False,labor_day_period,5075.899,4308.514714285714,3540.1900000000005,241.91799999999967,4.766012877718797,1009.302285714286,23.425759284696163,1777.6269999999995,50.21275694242397,5075.899
city_12,2024-05-02,3965.66,thursday,False,labor_day_period,5317.817,4577.184285714286,3947.4745,-1352.1570000000002,-25.426918602125646,-611.5242857142857,-13.360272332116846,18.185500000000047,0.46068695313928054,5317.817
city_12,2024-05-03,4091.31,friday,False,labor_day_period,3965.66,4535.091714285714,3981.069,125.65000000000009,3.1684511531497934,-443.7817142857143,-9.785506936668662,110.24099999999999,2.7691306028606886,4535.091714285714
city_12,2024-05-04,5479.49,saturday,True,labor_day_period,4091.31,4537.432428571428,5269.65225,1388.1799999999998,33.92996375244115,942.0575714285715,20.761908551995127,209.8377499999997,3.982003746072612,5269.65225
city_12,2024-05-05,5756.24,sunday,True,labor_day_period,5479.49,4530.341,4690.8785,276.75,5.05065252423127,1225.8989999999994,27.059751131316588,1065.3615,22.711342875327084,5479.49
city_12,2024-05-06,4635.497,monday,False,normal_weekday,5756.24,4759.127428571429,3954.6612500000006,-1120.7429999999995,-19.47005336817088,-123.63042857142864,-2.5977541141095144,680.8357499999997,17.216032093772878,5756.24
city_12,2024-05-07,4476.55,tuesday,False,normal_weekday,4635.497,4903.130428571429,4209.9995,-158.94700000000012,-3.4289095646054806,-426.58042857142846,-8.700164818901554,266.5505000000003,6.331366547668243,4903.130428571429
city_12,2024-05-08,4187.989,wednesday,False,normal_weekday,4476.55,4817.509142857142,3994.1467500000003,-288.5610000000006,-6.446057790039217,-629.5201428571427,-13.067336754109204,193.84224999999924,4.853157936673188,4817.509142857142
city_12,2024-05-09,3921.619,thursday,False,normal_weekday,4187.989,4656.105142857143,3790.9269999999997,-266.36999999999944,-6.360331891989198,-734.4861428571426,-15.774689795910346,130.69200000000046,3.447494504642281,4656.105142857143
city_12,2024-05-10,4248.478,friday,False,normal_weekday,3921.619,4649.813571428572,4064.454,326.8589999999999,8.334797439526886,-401.3355714285717,-8.631218548086188,184.0239999999999,4.52764381144429,4649.813571428572
city_12,2024-05-11,5406.629,saturday,True,weekend,4248.478,4672.266142857143,5492.84725,1158.1509999999998,27.260374185767226,734.3628571428571,15.717487717722047,-86.2182499999999,-1.5696458699083597,5492.84725
city_12,2024-05-12,7759.91,sunday,True,weekend,5406.629,4661.8574285714285,5283.79375,2353.281,43.52584577192184,3098.0525714285714,66.45532642078102,2476.11625,46.862469792656086,5406.629
city_12,2024-05-13,4372.769,monday,False,normal_weekday,7759.91,4948.096,4134.393,-3387.1409999999996,-43.649230467879136,-575.3269999999993,-11.627240053547858,238.3760000000002,5.765683136557173,7759.91
city_12,2024-05-14,4721.52,tuesday,False,normal_weekday,4372.769,4910.563428571429,4469.142,348.7510000000002,7.97551848725602,-189.0434285714282,-3.849729900066159,252.3780000000006,5.647124213104006,4910.563428571429
city_12,2024-05-15,3963.539,wednesday,False,normal_weekday,4721.52,4945.559142857142,4282.239,-757.9810000000002,-16.05374963994646,-982.0201428571422,-19.85660497611218,-318.69999999999936,-7.442368349828195,4945.559142857142
city_12,2024-05-16,4370.99,thursday,False,normal_weekday,3963.539,4913.494857142857,3961.45925,407.45099999999957,10.279979583902152,-542.504857142857,-11.041119873244714,409.5307499999999,10.337876124814358,4913.494857142857
city_12,2024-05-17,4659.89,friday,False,normal_weekday,4370.99,4977.690714285714,4215.0635,288.90000000000055,6.609486638038535,-317.8007142857141,-6.384501017181371,444.8265000000001,10.553257382717963,4977.690714285714
city_12,2024-05-18,6804.64,saturday,True,weekend,4659.89,5036.463857142857,5568.3145,2144.75,46.02576455667408,1768.1761428571435,35.107491942972366,1236.3255,22.202867672075634,5568.3145
city_12,2024-05-19,6746.5,sunday,True,weekend,6804.64,5236.179714285715,5883.82375,-58.14000000000033,-0.8544169860565779,1510.320285714285,28.843935237626063,862.6762500000004,14.661830242620718,6804.64
city_12,2024-05-20,4782.21,monday,False,normal_weekday,6746.5,5091.406857142857,4316.44275,-1964.29,-29.11568961683836,-309.19685714285697,-6.0729159114258815,465.7672499999999,10.79053463642023,6746.5
city_12,2024-05-21,4780.12,tuesday,False,normal_weekday,4782.21,5149.89842857143,4692.46975,-2.0900000000001455,-0.04370364329463042,-369.7784285714297,-7.180305275923771,87.65024999999969,1.8678916363818794,5149.89842857143
city_12,2024-05-22,4343.95,wednesday,False,normal_weekday,4780.12,5158.269857142857,4226.61875,-436.1700000000001,-9.124666326368377,-814.3198571428575,-15.786685840315954,117.33125000000018,2.7760074172765217,5158.269857142857
city_12,2024-05-23,4347.009,thursday,False,normal_weekday,4343.95,5212.614285714286,4129.644249999999,3.0590000000001965,0.07041977923319091,-865.6052857142859,-16.605972325375536,217.36475000000064,5.263522396632608,5212.614285714286
city_12,2024-05-24,4854.071,friday,False,normal_weekday,4347.009,5209.188428571429,4268.65075,507.0619999999999,11.664618131685485,-355.1174285714287,-6.817135402967491,585.4202500000001,13.71440964103236,5209.188428571429
city_12,2024-05-25,6597.62,saturday,True,weekend,4854.071,5236.928571428572,5804.97225,1743.549,35.91931391197203,1360.6914285714283,25.982623402485096,792.6477500000001,13.65463461087174,5804.97225
city_12,2024-05-26,6611.2300000000005,sunday,True,weekend,6597.62,5207.354285714285,6104.34625,13.610000000000582,0.20628650937763288,1403.8757142857157,26.959481480587378,506.8837500000009,8.303653319141274,6597.62
city_12,2024-05-27,4883.87,monday,False,normal_weekday,6611.2300000000005,5188.03,4354.488,-1727.3600000000006,-26.127664594939226,-304.15999999999985,-5.862726314227171,529.3819999999996,12.157158315742276,6611.2300000000005
city_12,2024-05-28,4631.879,tuesday,False,normal_weekday,4883.87,5202.552857142858,4763.52225,-251.99099999999999,-5.1596582218609415,-570.6738571428577,-10.969112141923743,-131.64325000000008,-2.763569541424942,5202.552857142858
city_12,2024-05-29,4324.379,wednesday,False,normal_weekday,4631.879,5181.375571428572,4453.32375,-307.5,-6.638774458486502,-856.9965714285718,-16.53994310225782,-128.94474999999966,-2.89547217401384,5181.375571428572
city_12,2024-05-30,4450.42,thursday,False,normal_weekday,4324.379,5178.5797142857145,4151.3195,126.04100000000017,2.9146612727515366,-728.1597142857145,-14.060992674825517,299.10050000000047,7.2049501369383995,5178.5797142857145
city_12,2024-05-31,5332.87,friday,False,normal_weekday,4450.42,5193.352714285714,4463.43725,882.4499999999998,19.828465627963197,139.51728571428612,2.6864588906219735,869.4327499999999,19.47899570000676,5193.352714285714
city_12,2024-06-01,6042.609,saturday,True,weekend,5332.87,5261.752571428571,6072.09475,709.7390000000005,13.308762448737744,780.8564285714292,14.840234655112752,-29.485749999999825,-0.48559436593112826,6072.09475
city_12,2024-06-02,6222.85,sunday,True,weekend,6042.609,5182.4652857142855,6718.469999999999,180.24099999999999,2.9828340705149046,1040.3847142857148,20.07509277782497,-495.619999999999,-7.37697719867766,6718.469999999999
city_12,2024-06-03,4349.007,monday,False,normal_weekday,6222.85,5126.9824285714285,4668.586499999999,-1873.8430000000008,-30.112295813011734,-777.9754285714289,-15.174138772857123,-319.5794999999998,-6.845316028738031,6222.85
city_12,2024-06-04,4467.569,tuesday,False,normal_weekday,4349.007,5050.573428571428,4652.51725,118.56200000000081,2.726185540745297,-583.0044285714275,-11.54333140219946,-184.94824999999946,-3.975229753312563,5050.573428571428
city_12,2024-06-05,4775.6,wednesday,False,normal_weekday,4467.569,5027.100571428571,4204.96425,308.03099999999995,6.894823560643381,-251.50057142857077,-5.002895165017573,570.6357500000004,13.570525599593394,5027.100571428571
city_12,2024-06-06,3980.69,thursday,False,normal_weekday,4775.6,5091.560714285714,4272.5095,-794.9100000000003,-16.645238294664548,-1110.8707142857143,-21.81788211164553,-291.81950000000006,-6.830166205598842,5091.560714285714
city_12,2024-06-07,4356.989,friday,False,normal_weekday,3980.69,5024.456428571429,4773.82725,376.2989999999995,9.453109887984231,-667.4674285714291,-13.284370917735389,-416.8382500000007,-8.731741392611152,5024.456428571429
city_12,2024-06-08,5618.8,saturday,True,dragon_boat_period,4356.989,4885.044857142857,6212.8745,1261.8110000000006,28.96061936351,733.7551428571433,15.020438180506263,-594.0744999999997,-9.561990991448479,6212.8745
city_12,2024-06-09,5592.968,sunday,True,dragon_boat_period,5618.8,4824.500714285714,6835.1225,-25.832000000000335,-0.45974229372820413,768.4672857142859,15.928431380242017,-1242.1545000000006,-18.173112478964356,6835.1225
city_12,2024-06-10,7141.67,monday,False,dragon_boat_period,5592.968,4734.5175714285715,4596.964,1548.7020000000002,27.690163791389477,2407.1524285714286,50.842612626424476,2544.706,55.356230764478475,5592.968
city_12,2024-06-11,4793.89,tuesday,False,normal_weekday,7141.67,5133.469428571429,4650.272,-2347.7799999999997,-32.87438372257469,-339.57942857142825,-6.615008295976711,143.6180000000004,3.0883784862476946,7141.67
city_12,2024-06-12,4482.67,wednesday,False,normal_weekday,4793.89,5180.086714285715,4351.867,-311.22000000000025,-6.49201379255678,-697.416714285715,-13.463417752493786,130.80299999999988,3.005675495138061,5180.086714285715
city_12,2024-06-13,4406.888,thursday,False,normal_weekday,4482.67,5138.239571428572,4287.27725,-75.78200000000015,-1.6905549594326628,-731.3515714285722,-14.233504710354259,119.61074999999983,2.789900046702131,5138.239571428572
city_12,2024-06-14,4617.863,friday,False,normal_weekday,4406.888,5199.125,4800.955,210.97500000000036,4.787391919195596,-581.2619999999997,-11.179996634048992,-183.09199999999964,-3.8136579076454504,5199.125
city_12,2024-06-15,6594.147,saturday,True,weekend,4617.863,5236.392714285714,6265.91725,1976.2839999999997,42.79650565640426,1357.7542857142862,25.92919133070589,328.2297499999995,5.238335217401722,6265.91725
city_12,2024-06-16,6531.408,sunday,True,weekend,6594.147,5375.728,6293.387000000001,-62.73899999999958,-0.951434658645001,1155.6800000000003,21.49811151159434,238.02099999999973,3.782081095600822,6594.147
city_12,2024-06-17,4820.36,monday,False,normal_weekday,6531.408,5509.790857142857,5289.189249999999,-1711.0480000000007,-26.19723036747973,-689.4308571428573,-12.512831703023423,-468.8292499999998,-8.863915202126673,6531.408
city_12,2024-06-18,4858.969,tuesday,False,normal_weekday,4820.36,5178.175142857143,4668.3645,38.60900000000038,0.8009567750126626,-319.2061428571433,-6.164452419062365,190.60450000000037,4.082896697547939,5178.175142857143
city_12,2024-06-19,5465.809,wednesday,False,normal_weekday,4858.969,5187.472142857143,4481.64975,606.8400000000001,12.489069183195038,278.3368571428573,5.365558589574529,984.1592500000006,21.95975377147669,5187.472142857143
city_12,2024-06-20,5027.747,thursday,False,normal_weekday,5465.809,5327.920571428572,4296.251749999999,-438.0619999999999,-8.014586678751487,-300.17357142857145,-5.633972342573532,731.4952500000009,17.02635908149472,5465.809
city_12,2024-06-21,5420.327,friday,False,normal_weekday,5027.747,5416.614714285714,4790.44825,392.5799999999999,7.80826879315924,3.7122857142858265,0.0685351628295638,629.8787499999999,13.148639065248222,5416.614714285714
city_12,2024-06-22,7290.548,saturday,True,weekend,5420.327,5531.25242857143,6213.294,1870.2209999999995,34.50384081993576,1759.29557142857,31.806459642684352,1077.254,17.33788872697799,6213.294
city_12,2024-06-23,7649.69,sunday,True,weekend,7290.548,5630.738285714286,6239.6140000000005,359.1419999999998,4.92613175305889,2018.951714285714,35.85589689735687,1410.075999999999,22.59876973158915,7290.548
city_12,2024-06-24,4980.818,monday,False,normal_weekday,7649.69,5790.492857142858,5298.72675,-2668.8719999999994,-34.8886294738741,-809.674857142858,-13.982831463889712,-317.9087499999996,-5.999719649630916,7649.69
city_12,2024-06-25,5579.57,tuesday,False,normal_weekday,4980.818,5813.415428571429,4688.07675,598.7519999999995,12.021157970437777,-233.8454285714297,-4.022513640125219,891.4932499999995,19.01618291552073,5813.415428571429
city_13,2024-03-28,1517.16,thursday,False,normal_weekday,,,,,,,,,,
city_13,2024-03-29,1776.48,friday,False,normal_weekday,1517.16,,,259.31999999999994,17.09246223206517,,,,,1517.16
city_13,2024-03-30,2447.24,saturday,True,weekend,1776.48,,,670.7599999999998,37.75781320363864,,,,,1776.48
city_13,2024-03-31,2401.43,sunday,True,weekend,2447.24,1913.6266666666668,,-45.809999999999945,-1.871904676288388,487.80333333333306,25.491039701230456,,,2447.24
city_13,2024-04-01,1545.91,monday,False,normal_weekday,2401.43,2035.5774999999999,,-855.5199999999998,-35.625439842094075,-489.6674999999998,-24.055458463261644,,,2401.43
city_13,2024-04-02,1607.25,tuesday,False,normal_weekday,1545.91,1937.6439999999998,,61.33999999999992,3.9678894631640858,-330.3939999999998,-17.05132624981678,,,1937.6439999999998
city_13,2024-04-03,1714.84,wednesday,False,normal_weekday,1607.25,1882.5783333333331,,107.58999999999992,6.694042619380925,-167.73833333333323,-8.910032074805205,,,1882.5783333333331
city_13,2024-04-04,2524.78,thursday,False,qingming_period,1714.84,1858.6157142857141,,809.9400000000003,47.231228569429234,666.164285714286,35.8419591846774,,,1858.6157142857141
city_13,2024-04-05,2415.59,friday,False,qingming_period,2524.78,2002.5614285714287,,-109.19000000000005,-4.324733244084635,413.02857142857147,20.625013821584215,,,2524.78
city_13,2024-04-06,2521.81,saturday,True,qingming_period,2415.59,2093.862857142857,,106.2199999999998,4.397269404162121,427.9471428571428,20.438164868213498,,,2415.59
city_13,2024-04-07,1983.43,sunday,True,weekend,2521.81,2104.5157142857142,,-538.3799999999999,-21.34895174497682,-121.08571428571418,-5.753614167086959,,,2521.81
city_13,2024-04-08,1785.25,monday,False,normal_weekday,1983.43,2044.8014285714287,,-198.18000000000006,-9.991781913150454,-259.5514285714287,-12.693233922120282,,,2044.8014285714287
city_13,2024-04-09,1704.04,tuesday,False,normal_weekday,1785.25,2078.9928571428572,,-81.21000000000004,-4.548942725108531,-374.9528571428573,-18.03531242806442,,,2078.9928571428572
city_13,2024-04-10,1639.1200000000001,wednesday,False,normal_weekday,1704.04,2092.82,,-64.91999999999985,-3.809769723715397,-453.70000000000005,-21.678883038197267,,,2092.82
city_13,2024-04-11,1641.85,thursday,False,normal_weekday,1639.1200000000001,2082.002857142857,,2.729999999999791,0.16655278442089602,-440.1528571428571,-21.140838286210666,,,2082.002857142857
city_13,2024-04-12,1853.65,friday,False,normal_weekday,1641.85,1955.8700000000001,,211.80000000000018,12.900082224320139,-102.22000000000003,-5.22631872261449,,,1955.8700000000001
city_13,2024-04-13,2674.29,saturday,True,weekend,1853.65,1875.5928571428572,,820.6399999999999,44.271572303293496,798.6971428571428,42.583716386818644,,,1875.5928571428572
city_13,2024-04-14,2619.74,sunday,True,weekend,2674.29,1897.3757142857144,,-54.55000000000018,-2.0397937396467913,722.3642857142854,38.07175775864858,,,2674.29
city_13,2024-04-15,1776.53,monday,False,normal_weekday,2619.74,1988.277142857143,,-843.2099999999998,-32.18678189438646,-211.747142857143,-10.649780068027315,,,2619.74
city_13,2024-04-16,1797.3,tuesday,False,normal_weekday,1776.53,1987.0314285714285,,20.769999999999982,1.169133085284233,-189.73142857142852,-9.548486543458221,,,1987.0314285714285
city_13,2024-04-17,1823.8700000000001,wednesday,False,normal_weekday,1797.3,2000.3542857142857,,26.570000000000164,1.478328604017146,-176.48428571428553,-8.822651416034866,,,2000.3542857142857
city_13,2024-04-18,1770.07,thursday,False,normal_weekday,1823.8700000000001,2026.7471428571428,1894.5966666666666,-53.80000000000018,-2.949771639426065,-256.6771428571428,-12.66448771183663,-124.52666666666664,-6.572727000821634,2026.7471428571428
city_13,2024-04-19,2014.08,friday,False,normal_weekday,1770.07,2045.064285714286,2015.24,244.01,13.785330523651606,-30.98428571428599,-1.5150763685388995,-1.1600000000000819,-0.05756138226712857,2045.064285714286
city_13,2024-04-20,2972.19,saturday,True,weekend,2014.08,2067.9828571428575,2547.78,958.1100000000001,47.57060295519543,904.2071428571426,43.72411210924653,424.40999999999985,16.658031698184296,2547.78
city_13,2024-04-21,3187.94,sunday,True,weekend,2972.19,2110.54,2334.8666666666663,215.75,7.258957199909831,1077.4,51.04854681740218,853.0733333333337,36.53627616137969,2972.19
city_13,2024-04-22,1800.09,monday,False,normal_weekday,3187.94,2191.7114285714283,1702.5633333333335,-1387.8500000000001,-43.53438270481879,-391.6214285714284,-17.868293401503582,97.52666666666642,5.728225479619931,3187.94
city_13,2024-04-23,2326.0,tuesday,False,normal_weekday,1800.09,2195.077142857143,1702.8633333333335,525.9100000000001,29.215761434150522,130.92285714285708,5.964385241260636,623.1366666666665,36.593463166940374,2195.077142857143
city_13,2024-04-24,1955.72,wednesday,False,normal_weekday,2326.0,2270.6057142857144,1725.9433333333334,-370.28,-15.919174548581255,-314.88571428571436,-13.86791693091334,229.77666666666664,13.313106069531056,2326.0
city_13,2024-04-25,1956.85,thursday,False,normal_weekday,1955.72,2289.441428571429,1863.465,1.1299999999998818,0.05777923220092251,-332.5914285714289,-14.527186606340049,93.38499999999999,5.011363239985725,2289.441428571429
city_13,2024-04-26,2389.64,friday,False,normal_weekday,1956.85,2316.1242857142856,2014.95,432.78999999999996,22.11666709252114,73.51571428571424,3.1740833054234057,374.6899999999998,18.595498647609112,2316.1242857142856
city_13,2024-04-27,3106.94,saturday,True,weekend,2389.64,2369.7757142857145,2653.8824999999997,717.3000000000002,30.017073701478058,737.1642857142856,31.106922113786528,453.05750000000035,17.071498078758214,2653.8824999999997
city_13,2024-04-28,2150.22,sunday,True,weekend,3106.94,2389.0257142857145,2548.1349999999998,-956.7200000000003,-30.792998899238487,-238.80571428571466,-9.995945747160542,-397.91499999999996,-15.615930867085142,3106.94
city_13,2024-04-29,1688.14,monday,False,normal_weekday,2150.22,2240.7799999999997,1726.945,-462.0799999999997,-21.48989405735226,-552.6399999999996,-24.662840617999077,-38.804999999999836,-2.2470316078392676,2240.7799999999997
city_13,2024-04-30,2015.48,tuesday,False,normal_weekday,1688.14,2224.787142857143,1858.6475,327.3399999999999,19.390571872001132,-209.30714285714294,-9.407962623711677,156.83249999999998,8.437990528058709,2224.787142857143
city_13,2024-05-01,3141.84,wednesday,False,labor_day_period,2015.48,2180.427142857143,1783.3875,1126.3600000000001,55.88544664298332,961.4128571428573,44.09286778016628,1358.4525,76.17259288853376,2180.427142857143
city_13,2024-05-02,2056.58,thursday,False,labor_day_period,3141.84,2349.8728571428574,1973.3875,-1085.2600000000002,-34.5421791052377,-293.29285714285743,-12.481222388323756,83.19249999999988,4.2157204299713,3141.84
city_13,2024-05-03,2194.34,friday,False,labor_day_period,2056.58,2364.12,2168.24,137.76000000000022,6.698499450544118,-169.77999999999975,-7.181530548364709,26.100000000000364,1.2037412832527932,2364.12
city_13,2024-05-04,2956.69,saturday,True,labor_day_period,2194.34,2336.2200000000003,2818.8075,762.3499999999999,34.74165352680076,620.4699999999998,26.558714504627122,137.88250000000016,4.891518842631154,2818.8075
city_13,2024-05-05,2973.18,sunday,True,labor_day_period,2956.69,2314.7557142857145,2485.3324999999995,16.48999999999978,0.5577182592696489,658.4242857142854,28.444655375544087,487.8475000000003,19.62906371682664,2956.69
city_13,2024-05-06,2227.21,monday,False,normal_weekday,2973.18,2432.3214285714284,1762.5025,-745.9699999999998,-25.089971007473473,-205.1114285714284,-8.432743557741716,464.7075,26.366345579651657,2973.18
city_13,2024-05-07,2117.07,tuesday,False,normal_weekday,2227.21,2509.3314285714287,1960.705,-110.13999999999987,-4.945200497483393,-392.2614285714285,-15.632109178768161,156.36500000000024,7.9749375862253755,2509.3314285714287
city_13,2024-05-08,2096.21,wednesday,False,normal_weekday,2117.07,2523.844285714286,2140.1375,-20.860000000000127,-0.9853240563609198,-427.63428571428585,-16.943766623591795,-43.92749999999978,-2.052555034431189,2523.844285714286
city_13,2024-05-09,2063.22,thursday,False,normal_weekday,2096.21,2374.468571428571,1856.3374999999999,-32.99000000000024,-1.5737927020670752,-311.24857142857127,-13.108136076162602,206.88249999999994,11.144659847683945,2374.468571428571
city_13,2024-05-10,2011.81,friday,False,normal_weekday,2063.22,2375.4171428571426,2112.9275,-51.409999999999854,-2.491736218144447,-363.60714285714266,-15.307085913331306,-101.11749999999984,-4.785658760179885,2375.4171428571426
city_13,2024-05-11,2181.8,saturday,True,weekend,2011.81,2349.3414285714284,2927.5275,169.99000000000024,8.449605081990857,-167.54142857142824,-7.131421024372166,-745.7275,-25.472946026980104,2927.5275
city_13,2024-05-12,3263.97,sunday,True,weekend,2181.8,2238.6428571428573,2732.77,1082.1699999999996,49.59987166559719,1025.3271428571425,45.80128266487985,531.1999999999998,19.43815249728297,2732.77
city_13,2024-05-13,2016.62,monday,False,normal_weekday,3263.97,2280.1842857142856,1872.9925,-1247.35,-38.21573114948973,-263.5642857142857,-11.558902820511374,143.62749999999983,7.668343573185682,3263.97
city_13,2024-05-14,2121.75,tuesday,False,normal_weekday,2016.62,2250.1,2063.9625,105.13000000000011,5.213178486774906,-128.3499999999999,-5.704190924847781,57.78749999999991,2.799832845800246,2250.1
city_13,2024-05-15,2035.92,wednesday,False,normal_weekday,2121.75,2250.7685714285717,2254.41,-85.82999999999993,-4.045245669848,-214.84857142857163,-9.54556475311926,-218.48999999999978,-9.691670991523273,2254.41
city_13,2024-05-16,2054.05,thursday,False,normal_weekday,2035.92,2242.155714285714,1961.6799999999998,18.13000000000011,0.8905065032024886,-188.10571428571393,-8.389502704348924,92.37000000000035,4.708719057134719,2242.155714285714
city_13,2024-05-17,2289.49,friday,False,normal_weekday,2054.05,2240.845714285714,2152.4674999999997,235.4399999999996,11.462233149144353,48.644285714285616,2.170800310087004,137.02250000000004,6.365833630472936,2240.845714285714
city_13,2024-05-18,3306.2,saturday,True,weekend,2289.49,2280.514285714286,2804.4049999999997,1016.71,44.407706519792626,1025.6857142857139,44.97607056052517,501.7950000000001,17.893100318962492,2804.4049999999997
city_13,2024-05-19,3313.18,sunday,True,weekend,3306.2,2441.1428571428573,2893.8275,6.980000000000018,0.2111185046276698,872.0371428571425,35.722495318352046,419.35249999999996,14.491274963694275,3306.2
city_13,2024-05-20,2245.6,monday,False,normal_weekday,3313.18,2448.172857142857,1933.015,-1067.58,-32.22221551500371,-202.57285714285717,-8.274450741981923,312.5849999999998,16.17085226964094,3313.18
city_13,2024-05-21,2338.26,tuesday,False,normal_weekday,2245.6,2480.884285714286,2145.075,92.66000000000031,4.126291414321353,-142.62428571428563,-5.748929385201932,193.1850000000004,9.005978811929673,2480.884285714286
city_13,2024-05-22,2115.09,wednesday,False,normal_weekday,2338.26,2511.8142857142857,2307.4225,-223.17000000000007,-9.544276513304768,-396.72428571428554,-15.79433192854339,-192.33249999999998,-8.335382878514878,2511.8142857142857
city_13,2024-05-23,2265.0,thursday,False,normal_weekday,2115.09,2523.1242857142856,2032.6749999999997,149.90999999999985,7.087641660638547,-258.12428571428563,-10.230343672555621,232.32500000000027,11.429520213511767,2523.1242857142856
city_13,2024-05-24,2339.96,friday,False,normal_weekday,2265.0,2553.2599999999998,2221.3199999999997,74.96000000000004,3.309492273730686,-213.29999999999973,-8.35402583364012,118.64000000000033,5.340968433183888,2553.2599999999998
city_13,2024-05-25,3203.7,saturday,True,weekend,2339.96,2560.4700000000003,2887.9075000000003,863.7399999999998,36.91259679652642,643.2299999999996,25.121559713646302,315.79249999999956,10.934993589649238,2887.9075000000003
city_13,2024-05-26,3208.7,sunday,True,weekend,3203.7,2545.827142857143,2925.1375,5.0,0.15606954458906888,662.8728571428569,26.037622350075377,283.5625,9.693988744118867,3203.7
city_13,2024-05-27,2217.65,monday,False,normal_weekday,3208.7,2530.901428571429,2044.3925,-991.0499999999997,-30.88634026241156,-313.25142857142873,-12.377069491333133,173.25750000000016,8.474766953997346,3208.7
city_13,2024-05-28,2204.68,tuesday,False,normal_weekday,2217.65,2526.9085714285716,2148.1400000000003,-12.970000000000255,-0.584853335738293,-322.22857142857174,-12.75188881275597,56.53999999999951,2.632044466375539,2526.9085714285716
city_13,2024-05-29,2130.23,wednesday,False,normal_weekday,2204.68,2507.825714285714,2347.2650000000003,-74.44999999999982,-3.3769073062757324,-377.59571428571417,-15.056696808504574,-217.0350000000003,-9.246293026138943,2507.825714285714
city_13,2024-05-30,2150.51,thursday,False,normal_weekday,2130.23,2509.988571428571,2109.7125,20.2800000000002,0.9520098768677654,-359.47857142857083,-14.321920646195293,40.79750000000013,1.9337942966162511,2509.988571428571
city_13,2024-05-31,2380.16,friday,False,normal_weekday,2150.51,2493.632857142857,2208.9,229.64999999999964,10.678862223379552,-113.47285714285726,-4.550503768741308,171.25999999999976,7.753180315994375,2493.632857142857
city_13,2024-06-01,3533.5,saturday,True,weekend,2380.16,2499.3757142857144,2912.0975,1153.3400000000001,48.456406292013995,1034.1242857142856,41.375303432914386,621.4025000000001,21.338657101968607,2912.0975
city_13,2024-06-02,3345.08,sunday,True,weekend,3533.5,2546.4900000000002,3189.7574999999997,-188.42000000000007,-5.332389981604643,798.5899999999997,31.36042159992773,155.32250000000022,4.869414054203188,3533.5
city_13,2024-06-03,2339.27,monday,False,normal_weekday,3345.08,2565.972857142857,2176.77,-1005.81,-30.06833917275521,-226.70285714285683,-8.834967077371367,162.5,7.465189248289897,3345.08
city_13,2024-06-04,2085.579,tuesday,False,normal_weekday,2339.27,2583.347142857143,2195.44,-253.6909999999998,-10.844878957965511,-497.7681428571427,-19.268341238360197,-109.86099999999988,-5.00405385708559,2583.347142857143
city_13,2024-06-05,1984.2,wednesday,False,normal_weekday,2085.579,2566.332714285714,2094.3625,-101.37900000000013,-4.860952282315853,-582.1327142857137,-22.683446734915606,-110.16250000000014,-5.2599538045586725,2566.332714285714
city_13,2024-06-06,1985.56,thursday,False,normal_weekday,1984.2,2545.4712857142854,2133.195,1.3599999999999,0.06854147767361657,-559.9112857142854,-21.996370136116802,-147.63500000000022,-6.920839398179736,2545.4712857142854
city_13,2024-06-07,2144.25,friday,False,normal_weekday,1985.56,2521.9069999999997,2255.355,158.69000000000005,7.99220371079192,-377.6569999999997,-14.975056574251141,-111.10500000000002,-4.926275464394742,2521.9069999999997
city_13,2024-06-08,2942.14,saturday,True,dragon_boat_period,2144.25,2488.205571428571,3056.3,797.8899999999999,37.21067972484551,453.9344285714287,18.243445549027047,-114.16000000000031,-3.735235415371538,3056.3
city_13,2024-06-09,3301.3,sunday,True,dragon_boat_period,2942.14,2403.725571428571,3282.7324999999996,359.1600000000003,12.207440842380048,897.574428571429,37.34096933694418,18.567500000000564,0.565611118176719,3282.7324999999996
city_13,2024-06-10,3429.3,monday,False,dragon_boat_period,3301.3,2397.4712857142854,2204.785,128.0,3.877260473146942,1031.8287142857148,43.03820948488645,1224.5150000000003,55.53897545565669,3301.3
city_13,2024-06-11,2056.35,tuesday,False,normal_weekday,3429.3,2553.189857142857,2187.56725,-1372.9500000000003,-40.03586737818215,-496.839857142857,-19.45957351165592,-131.21725000000015,-5.998318451695606,3429.3
city_13,2024-06-12,2030.78,wednesday,False,normal_weekday,2056.35,2549.0142857142855,2066.36,-25.569999999999936,-1.24346536338658,-518.2342857142855,-20.330772119194528,-35.580000000000155,-1.7218684062796488,2549.0142857142855
city_13,2024-06-13,1948.7,thursday,False,normal_weekday,2030.78,2555.6685714285713,2113.78,-82.07999999999993,-4.041796748047545,-606.9685714285713,-23.749893793516705,-165.08000000000015,-7.809705835044335,2555.6685714285713
city_13,2024-06-14,2303.12,friday,False,normal_weekday,1948.7,2550.402857142857,2288.465,354.41999999999985,18.18750962179914,-247.2828571428572,-9.695835167777417,14.654999999999745,0.6403855859713714,2550.402857142857
city_13,2024-06-15,3196.02,saturday,True,weekend,2303.12,2573.098571428571,3246.385,892.9000000000001,38.76914793844872,622.9214285714288,24.20899982178242,-50.36500000000024,-1.5514179618252375,3246.385
city_13,2024-06-16,3055.11,sunday,True,weekend,3196.02,2609.367142857143,3292.065,-140.90999999999985,-4.408921095612664,445.74285714285725,17.082412429505354,-236.95499999999993,-7.197761891092671,3292.065
city_13,2024-06-17,2070.77,monday,False,normal_weekday,3055.11,2574.197142857143,2557.955,-984.3400000000001,-32.219461819705344,-503.4271428571428,-19.556666211601065,-487.18499999999995,-19.04587844586789,3055.11
city_13,2024-06-18,2250.67,tuesday,False,normal_weekday,2070.77,2380.121428571428,2171.21725,179.9000000000001,8.687589640568488,-129.4514285714281,-5.438858161498343,79.45274999999992,3.6593643496522477,2380.121428571428
city_13,2024-06-19,2115.64,wednesday,False,normal_weekday,2250.67,2407.881428571429,2065.075,-135.0300000000002,-5.999546801619083,-292.24142857142897,-12.136869577702287,50.565000000000055,2.4485793494183046,2407.881428571429
city_13,2024-06-20,2068.92,thursday,False,normal_weekday,2115.64,2420.0042857142857,2087.4425,-46.7199999999998,-2.208315214308663,-351.08428571428567,-14.507589419853446,-18.522500000000036,-0.8873298306420434,2420.0042857142857
city_13,2024-06-21,2239.99,friday,False,normal_weekday,2068.92,2437.1785714285716,2291.8725,171.0699999999997,8.268565241768638,-197.18857142857178,-8.090854471651953,-51.882500000000164,-2.2637603095285694,2437.1785714285716
city_13,2024-06-22,3014.9,saturday,True,weekend,2239.99,2428.16,3218.84,774.9100000000003,34.59435086763782,586.7400000000002,24.16397601476016,-203.94000000000005,-6.335822843011769,3218.84
city_13,2024-06-23,3116.15,sunday,True,weekend,3014.9,2402.285714285714,3227.5474999999997,101.25,3.35832034229991,713.8642857142859,29.716044243577556,-111.39749999999958,-3.4514596609344896,3227.5474999999997
city_13,2024-06-24,2146.74,monday,False,normal_weekday,3116.15,2411.0057142857145,2514.2475,-969.4100000000003,-31.10922131476342,-264.2657142857147,-10.960808293397436,-367.50750000000016,-14.616997729937095,3116.15
city_13,2024-06-25,2158.44,tuesday,False,normal_weekday,2146.74,2421.8585714285714,2149.31975,11.700000000000273,0.5450124374633292,-263.41857142857134,-10.87671156921396,9.120249999999942,0.42433193106795497,2421.8585714285714
city_16,2024-03-28,3227.38,thursday,False,normal_weekday,,,,,,,,,,
city_16,2024-03-29,2924.15,friday,False,normal_weekday,3227.38,,,-303.23,-9.395546852245475,,,,,3227.38
city_16,2024-03-30,4196.14,saturday,True,weekend,2924.15,,,1271.9900000000002,43.49947848092609,,,,,2924.15
city_16,2024-03-31,4232.59,sunday,True,weekend,4196.14,3449.2233333333334,,36.44999999999982,0.8686554786065245,783.3666666666668,22.711392999583484,,,4196.14
city_16,2024-04-01,3261.55,monday,False,normal_weekday,4232.59,3645.065,,-971.04,-22.941981151021004,-383.5149999999999,-10.5214858994284,,,4232.59
city_16,2024-04-02,3489.1,tuesday,False,normal_weekday,3261.55,3568.362,,227.54999999999973,6.976744186046504,-79.26200000000017,-2.2212432483027276,,,3568.362
city_16,2024-04-03,3059.65,wednesday,False,normal_weekday,3489.1,3555.1516666666666,,-429.4499999999998,-12.30833166145997,-495.50166666666655,-13.937567595569057,,,3555.1516666666666
city_16,2024-04-04,4105.05,thursday,False,qingming_period,3059.65,3484.3657142857146,,1045.4,34.167306718088675,620.6842857142856,17.813408138230525,,,3484.3657142857146
city_16,2024-04-05,3645.83,friday,False,qingming_period,4105.05,3609.747142857143,,-459.22000000000025,-11.186709053482911,36.08285714285694,0.9995951437833143,,,4105.05
city_16,2024-04-06,4435.61,saturday,True,qingming_period,3645.83,3712.8442857142863,,789.7799999999997,21.66255694862349,722.7657142857133,19.46663147352181,,,3712.8442857142863
city_16,2024-04-07,3757.47,sunday,True,weekend,4435.61,3747.054285714286,,-678.1399999999999,-15.288539794977465,10.415714285713875,0.2779707335819494,,,4435.61
city_16,2024-04-08,3616.94,monday,False,normal_weekday,3757.47,3679.1800000000003,,-140.52999999999975,-3.740016553691706,-62.24000000000024,-1.6916812985502268,,,3757.47
city_16,2024-04-09,3551.72,tuesday,False,normal_weekday,3616.94,3729.95,,-65.22000000000025,-1.8031816950239774,-178.23000000000002,-4.778348235231036,,,3729.95
city_16,2024-04-10,3505.72,wednesday,False,normal_weekday,3551.72,3738.8957142857143,,-46.0,-1.2951471399772505,-233.17571428571455,-6.236486174107182,,,3738.8957142857143
city_16,2024-04-11,3494.13,thursday,False,normal_weekday,3505.72,3802.6199999999994,,-11.58999999999969,-0.330602558105031,-308.4899999999993,-8.112564495006058,,,3802.6199999999994
city_16,2024-04-12,3961.45,friday,False,normal_weekday,3494.13,3715.345714285714,,467.3199999999997,13.374430831136783,246.10428571428565,6.623994229339164,,,3715.345714285714
city_16,2024-04-13,4985.91,saturday,True,weekend,3961.45,3760.434285714285,,1024.46,25.86073281248028,1225.4757142857147,32.58867516821767,,,3961.45
city_16,2024-04-14,4977.96,sunday,True,weekend,4985.91,3839.0485714285714,,-7.949999999999818,-0.15944932820688335,1138.9114285714286,29.66650219139117,,,4985.91
city_16,2024-04-15,3465.8,monday,False,normal_weekday,4977.96,4013.4042857142854,,-1512.1599999999999,-30.377102266792015,-547.6042857142852,-13.64438383801709,,,4977.96
city_16,2024-04-16,3561.47,tuesday,False,normal_weekday,3465.8,3991.8128571428574,,95.66999999999962,2.760401638871245,-430.3428571428576,-10.780637082542889,,,3991.8128571428574
city_16,2024-04-17,4169.611,wednesday,False,normal_weekday,3561.47,3993.2057142857143,,608.1410000000001,17.075561495674542,176.40528571428558,4.417635812830648,,,3993.2057142857143
city_16,2024-04-18,3600.13,thursday,False,normal_weekday,4169.611,4088.047285714286,3608.853333333334,-569.4809999999998,-13.657892786641243,-487.91728571428575,-11.935216293102007,-8.723333333333812,-0.24172036177697656,4169.611
city_16,2024-04-19,3846.372,friday,False,normal_weekday,3600.13,4103.190142857143,3510.476666666667,246.24199999999973,6.83980856246857,-256.8181428571429,-6.25898712747235,335.8953333333329,9.568368208305984,4103.190142857143
city_16,2024-04-20,5252.01,saturday,True,weekend,3846.372,4086.7504285714285,4539.22,1405.6380000000004,36.54451519509814,1165.2595714285717,28.513108196722005,712.79,15.702918122496815,4539.22
city_16,2024-04-21,5158.03,sunday,True,weekend,5252.01,4124.764714285715,4322.673333333333,-93.98000000000047,-1.7894101496379573,1033.2652857142848,25.050284253442932,835.3566666666666,19.325001041022453,5252.01
city_16,2024-04-22,3675.509,monday,False,normal_weekday,5158.03,4150.4890000000005,3448.096666666667,-1482.5209999999997,-28.742000337338087,-474.9800000000005,-11.443952748700223,227.4123333333332,6.595300402444243,5158.03
city_16,2024-04-23,4169.17,tuesday,False,normal_weekday,3675.509,4180.447428571429,3534.0966666666664,493.66100000000006,13.43109212900853,-11.277428571428572,-0.2697660660519865,635.0733333333337,17.969891410251947,4180.447428571429
city_16,2024-04-24,3558.69,wednesday,False,normal_weekday,4169.17,4267.261714285714,3578.3269999999998,-610.48,-14.642722652230539,-708.5717142857143,-16.60483377228997,-19.636999999999716,-0.5487760062174228,4267.261714285714
city_16,2024-04-25,3765.959,thursday,False,normal_weekday,3558.69,4179.9872857142855,3606.6725,207.26899999999978,5.824306135122749,-414.02828571428563,-9.90501303985511,159.2864999999997,4.416439252524306,4179.9872857142855
city_16,2024-04-26,3525.85,friday,False,normal_weekday,3765.959,4203.677142857143,3594.4505,-240.10899999999992,-6.37577307665856,-677.8271428571429,-16.124624223553937,-68.60050000000001,-1.908511467886399,4203.677142857143
city_16,2024-04-27,5604.55,saturday,True,weekend,3525.85,4157.888285714286,4717.4175,2078.7000000000003,58.95599642639364,1446.661714285714,34.793183820165844,887.1325000000006,18.805469306034514,4717.4175
city_16,2024-04-28,4375.23,sunday,True,weekend,5604.55,4208.251142857142,4531.5125,-1229.3200000000006,-21.934321221150682,166.97885714285712,3.9678919217137976,-156.28250000000025,-3.4487933112840414,5604.55
city_16,2024-04-29,3630.487,monday,False,normal_weekday,4375.23,4096.422571428571,3504.94975,-744.7429999999995,-17.021802282394287,-465.93557142857117,-11.37420672072126,125.53724999999986,3.5817132613670095,4375.23
city_16,2024-04-30,4337.48,tuesday,False,normal_weekday,3630.487,4089.9908571428573,3692.865,706.9929999999995,19.473778586729534,247.48914285714227,6.051092814178823,644.6149999999998,17.455688198729167,4089.9908571428573
city_16,2024-05-01,4931.96,wednesday,False,labor_day_period,4337.48,4114.035142857143,3573.41775,594.4800000000005,13.705653974197011,817.924857142857,19.881328883710484,1358.54225,38.01800811002296,4337.48
city_16,2024-05-02,4115.53,thursday,False,labor_day_period,4931.96,4310.216571428571,3741.31725,-816.4300000000003,-16.553864994849924,-194.68657142857137,-4.516862858333004,374.2127499999997,10.002165681084643,4931.96
city_16,2024-05-03,4157.107,friday,False,labor_day_period,4115.53,4360.155285714286,3744.8755,41.577000000000226,1.0102465539067926,-203.04828571428607,-4.656904912986888,412.23149999999987,11.007882638555003,4360.155285714286
city_16,2024-05-04,5051.4800000000005,saturday,True,labor_day_period,4157.107,4450.334857142857,5069.52,894.3730000000005,21.514312717955068,601.1451428571436,13.507863164325629,-18.039999999999964,-0.35585223058593246,5069.52
city_16,2024-05-05,5545.87,sunday,True,labor_day_period,5051.4800000000005,4371.324857142857,4567.1725,494.3899999999994,9.787032711205416,1174.5451428571432,26.86931722628453,978.6975000000002,21.42895850769815,5051.4800000000005
city_16,2024-05-06,4484.36,monday,False,normal_weekday,5545.87,4538.559142857143,3597.1839999999997,-1061.5100000000002,-19.140549634232325,-54.19914285714367,-1.1941927195648236,887.1759999999999,24.66306977902715,5545.87
city_16,2024-05-07,4136.78,tuesday,False,normal_weekday,4484.36,4660.540999999999,3904.9599999999996,-347.5799999999999,-7.750938818471307,-523.7609999999995,-11.238201745248022,231.82000000000016,5.936552487093342,4660.540999999999
city_16,2024-05-08,3960.56,wednesday,False,normal_weekday,4136.78,4631.869571428571,4041.49525,-176.2199999999998,-4.2598349440869425,-671.3095714285714,-14.49327449912465,-80.93525,-2.002606584778245,4631.869571428571
city_16,2024-05-09,3953.458,thursday,False,normal_weekday,3960.56,4493.098142857142,3743.93725,-7.101999999999862,-0.17931807623164053,-539.6401428571421,-12.01042411492902,209.52075000000013,5.596267672488371,4493.098142857142
city_16,2024-05-10,4324.429,friday,False,normal_weekday,3953.458,4469.945000000001,3872.69475,370.971,9.38345620466943,-145.51600000000053,-3.2554315545269685,451.73425,11.66459737111994,4469.945000000001
city_16,2024-05-11,5308.93,saturday,True,weekend,4324.429,4493.848142857143,5223.4875,984.5010000000002,22.76603454467631,815.0818571428572,18.137725869495814,85.44250000000011,1.6357366606122845,5223.4875
city_16,2024-05-12,6358.29,sunday,True,weekend,5308.93,4530.626714285715,5014.2725,1049.3599999999997,19.765941536241762,1827.663285714285,40.340186931565135,1344.0175,26.803838443163986,5308.93
city_16,2024-05-13,4255.21,monday,False,normal_weekday,6358.29,4646.6867142857145,3814.039,-2103.08,-33.076188723697726,-391.4767142857145,-8.424857072506382,441.1709999999998,11.567029073378636,6358.29
city_16,2024-05-14,4416.19,tuesday,False,normal_weekday,4255.21,4613.951,4051.2249999999995,160.97999999999956,3.783127037208494,-197.76100000000042,-4.286153017229711,364.96500000000015,9.008756610654807,4613.951
city_16,2024-05-15,4274.39,wednesday,False,normal_weekday,4416.19,4653.866714285714,4155.20525,-141.79999999999927,-3.210912573960796,-379.47671428571357,-8.154009076384916,119.18475000000035,2.868324013597171,4653.866714285714
city_16,2024-05-16,3895.18,thursday,False,normal_weekday,4274.39,4698.699571428572,3858.76925,-379.2100000000005,-8.87167525658633,-803.5195714285724,-17.100892687724524,36.41075000000001,0.943584537997446,4698.699571428572
city_16,2024-05-17,4180.1,friday,False,normal_weekday,3895.18,4690.374142857143,3963.4395,284.9200000000005,7.314681221406984,-510.2741428571426,-10.8791778078989,216.6605000000004,5.466476781088759,4690.374142857143
city_16,2024-05-18,5905.2,saturday,True,weekend,4180.1,4669.755714285714,5304.2425,1725.0999999999995,41.26934762326259,1235.4442857142858,26.456293675808677,600.9574999999995,11.329751609207149,5304.2425
city_16,2024-05-19,5872.77,sunday,True,weekend,5905.2,4754.937142857142,5359.355,-32.42999999999938,-0.5491769965454072,1117.8328571428583,23.508888205221908,513.4150000000009,9.579790851697656,5905.2
city_16,2024-05-20,4517.01,monday,False,normal_weekday,5872.77,4685.577142857143,4011.3914999999997,-1355.7600000000002,-23.08552863469879,-168.56714285714315,-3.59757480706753,505.6185000000005,12.60456627083147,5872.77
city_16,2024-05-21,4477.89,tuesday,False,normal_weekday,4517.01,4722.977142857142,4264.905,-39.11999999999989,-0.8660596279397187,-245.08714285714177,-5.189251089808948,212.98500000000058,4.993897871113203,4722.977142857142
city_16,2024-05-22,4088.25,wednesday,False,normal_weekday,4477.89,4731.791428571429,4181.4,-389.6400000000003,-8.701419641840248,-643.5414285714287,-13.600376058116318,-93.14999999999964,-2.2277227722772195,4731.791428571429
city_16,2024-05-23,4010.55,thursday,False,normal_weekday,4088.25,4705.2,3932.53175,-77.69999999999982,-1.9005687029902727,-694.6499999999996,-14.763453200714096,78.01825000000008,1.9839191380972343,4705.2
city_16,2024-05-24,4185.301,friday,False,normal_weekday,4010.55,4721.681428571429,4046.8715,174.7510000000002,4.357282666965882,-536.3804285714286,-11.359945322141598,138.4295000000002,3.420654695855803,4721.681428571429
city_16,2024-05-25,5377.519,saturday,True,weekend,4185.301,4722.424428571429,5467.54,1192.2179999999998,28.485836502559785,655.0945714285708,13.871996923130055,-90.02099999999973,-1.64646257731996,5467.54
city_16,2024-05-26,5812.429,sunday,True,weekend,5377.519,4647.041428571429,5538.04,434.90999999999985,8.087558593470332,1165.3875714285714,25.078054270474393,274.3890000000001,4.954622935190069,5538.04
city_16,2024-05-27,4521.97,monday,False,normal_weekday,5812.429,4638.421285714286,4221.76675,-1290.4589999999998,-22.201716356449257,-116.4512857142854,-2.5105801853949687,300.2032500000005,7.110844055986762,5812.429
city_16,2024-05-28,4366.3,tuesday,False,normal_weekday,4521.97,4639.129857142857,4342.085,-155.67000000000007,-3.442526155635709,-272.8298571428568,-5.881056696931674,24.215000000000146,0.5576813903919463,4639.129857142857
city_16,2024-05-29,4101.35,wednesday,False,normal_weekday,4366.3,4623.188428571429,4313.79,-264.9499999999998,-6.068066784233786,-521.8384285714283,-11.287414230111253,-212.4399999999996,-4.924671808317039,4623.188428571429
city_16,2024-05-30,4360.46,thursday,False,normal_weekday,4101.35,4625.059857142857,3993.6795,259.1099999999997,6.317675887207861,-264.5998571428572,-5.721003950558911,366.78049999999985,9.18402440656542,4625.059857142857
city_16,2024-05-31,4417.769,friday,False,normal_weekday,4360.46,4675.0470000000005,4211.73425,57.3090000000002,1.3142879420978566,-257.27800000000025,-5.5032174008090236,206.0347499999998,4.891921896544156,4675.0470000000005
city_16,2024-06-01,5280.649,saturday,True,weekend,4417.769,4708.256714285714,5410.78225,862.8800000000001,19.532030760322687,572.3922857142861,12.157202133382892,-130.13324999999986,-2.40507276004315,5410.78225
city_16,2024-06-02,5790.0380000000005,sunday,True,weekend,5280.649,4694.418142857142,5897.33975,509.3890000000001,9.646333244266,1095.6198571428586,23.338778604754552,-107.30174999999963,-1.8194941202090253,5897.33975
city_16,2024-06-03,4270.06,monday,False,normal_weekday,5790.0380000000005,4691.2194285714295,4444.637500000001,-1519.978,-26.251606638851072,-421.1594285714291,-8.977610938563165,-174.57750000000033,-3.9278231351825723,5790.0380000000005
city_16,2024-06-04,4008.52,tuesday,False,normal_weekday,4270.06,4655.232285714286,4349.29,-261.5400000000004,-6.1249724828222645,-646.7122857142863,-13.892159317138276,-340.77,-7.835071931280738,4655.232285714286
city_16,2024-06-05,4389.11,wednesday,False,normal_weekday,4008.52,4604.120857142857,4106.137500000001,380.5899999999997,9.494526658217987,-215.01085714285728,-4.669965533361017,282.97249999999894,6.891452125020141,4604.120857142857
city_16,2024-06-06,3922.789,thursday,False,normal_weekday,4389.11,4645.229428571429,4054.9120000000003,-466.32099999999946,-10.62450018340847,-722.4404285714286,-15.552308872580367,-132.12300000000005,-3.2583444474257406,4645.229428571429
city_16,2024-06-07,4064.139,friday,False,normal_weekday,3922.789,4582.705,4276.8997500000005,141.3499999999999,3.6033036699144385,-518.5659999999998,-11.315718554870973,-212.76075000000037,-4.974648984933546,4582.705
city_16,2024-06-08,5100.249,saturday,True,dragon_boat_period,4064.139,4532.186428571429,5468.0745,1036.1099999999997,25.493960713449997,568.0625714285707,12.533963030457846,-367.8254999999999,-6.726782892222846,5468.0745
city_16,2024-06-09,5081.829,sunday,True,dragon_boat_period,5100.249,4506.415,5958.3817500000005,-18.420000000000073,-0.3611588375391098,575.4139999999998,12.768775179383162,-876.5527500000007,-14.711255283366171,5958.3817500000005
city_16,2024-06-10,5518.69,monday,False,dragon_boat_period,5081.829,4405.242285714286,4391.0625,436.8609999999999,8.596530894683783,1113.447714285714,25.275515898330998,1127.6274999999996,25.68006034985837,5081.829
city_16,2024-06-11,4388.09,tuesday,False,normal_weekday,5518.69,4583.6179999999995,4317.225,-1130.5999999999995,-20.486745948766817,-195.52799999999934,-4.2658005095537925,70.86499999999978,1.6414479208287678,5518.69
city_16,2024-06-12,4111.589,wednesday,False,normal_weekday,4388.09,4637.842285714285,4213.275000000001,-276.5010000000002,-6.301169757229232,-526.2532857142851,-11.346942248020744,-101.6860000000006,-2.413466958601102,4637.842285714285
city_16,2024-06-13,4107.34,thursday,False,normal_weekday,4111.589,4598.196428571428,4047.24475,-4.248999999999796,-0.10334204124001199,-490.8564285714283,-10.67497737855292,60.095250000000306,1.4848434851882952,4598.196428571428
city_16,2024-06-14,4236.067,friday,False,normal_weekday,4107.34,4624.5608571428575,4211.82725,128.72699999999986,3.134072173231334,-388.49385714285745,-8.400664822970379,24.23974999999973,0.5755162441669404,4624.5608571428575
city_16,2024-06-15,5876.64,saturday,True,weekend,4236.067,4649.122,5415.9042500000005,1640.5730000000003,38.72868394196787,1227.518,26.403221941691356,460.7357499999998,8.507088174610912,5415.9042500000005
city_16,2024-06-16,6156.259,sunday,True,weekend,5876.64,4760.035000000001,5639.266500000001,279.6189999999997,4.758144109559198,1396.2239999999993,29.332221296692122,516.9924999999994,9.167725979965645,5876.64
city_16,2024-06-17,4588.0,monday,False,normal_weekday,6156.259,4913.525000000001,4706.932500000001,-1568.259,-25.4742206265201,-325.52500000000055,-6.625080771950902,-118.9325000000008,-2.5267517645515585,6156.259
city_16,2024-06-18,4679.19,tuesday,False,normal_weekday,4588.0,4780.569285714286,4310.200000000001,91.1899999999996,1.987576285963374,-101.3792857142862,-2.1206529945552015,368.9899999999989,8.560855644749637,4780.569285714286
city_16,2024-06-19,5083.02,wednesday,False,normal_weekday,4679.19,4822.155,4172.57475,403.83000000000084,8.630339866515376,260.8650000000007,5.409718269114134,910.4452500000007,21.81974690806919,4822.155
city_16,2024-06-20,5025.429,thursday,False,normal_weekday,5083.02,4960.930857142857,4100.28475,-57.59100000000035,-1.1330075427600195,64.49814285714274,1.3001217858998557,925.1442500000003,22.562926879651478,5083.02
city_16,2024-06-21,5677.22,friday,False,normal_weekday,5025.429,5092.086428571429,4225.819,651.7910000000002,12.96985789670892,585.1335714285715,11.491037704022812,1451.4009999999998,34.3460285449992,5092.086428571429
city_16,2024-06-22,6774.26,saturday,True,weekend,5677.22,5297.965428571429,5408.76425,1097.04,19.323542156196165,1476.2945714285715,27.865311530102744,1365.49575,25.245983867756856,5677.22
city_16,2024-06-23,6700.95,sunday,True,weekend,6774.26,5426.196857142857,5710.13875,-73.3100000000004,-1.0821846223794245,1274.7531428571428,23.4925708819263,990.8112499999997,17.351789393909208,6774.26
city_16,2024-06-24,4679.07,monday,False,normal_weekday,6700.95,5504.009857142858,4724.68,-2021.88,-30.173035166655477,-824.9398571428583,-14.987979283363531,-45.61000000000058,-0.9653563839244261,6700.95
city_16,2024-06-25,5282.398,tuesday,False,normal_weekday,4679.07,5517.019857142857,4360.525000000001,603.3280000000004,12.894186237863517,-234.62185714285715,-4.252691910091523,921.8729999999996,21.141330459061685,5517.019857142857
city_3,2024-03-28,1424.279,thursday,False,normal_weekday,,,,,,,,,,
city_3,2024-03-29,1468.236,friday,False,normal_weekday,1424.279,,,43.95700000000011,3.086263295323466,,,,,1424.279
city_3,2024-03-30,2146.177,saturday,True,weekend,1468.236,,,677.941,46.173843986933974,,,,,1468.236
city_3,2024-03-31,1951.565,sunday,True,weekend,2146.177,1679.564,,-194.61200000000008,-9.067844823609612,272.001,16.194738634550394,,,2146.177
city_3,2024-04-01,1386.544,monday,False,normal_weekday,1951.565,1747.56425,,-565.021,-28.952199901105008,-361.0202499999998,-20.658482227477464,,,1951.565
city_3,2024-04-02,1421.437,tuesday,False,normal_weekday,1386.544,1675.3601999999998,,34.8929999999998,2.516544732803272,-253.92319999999995,-15.156334739239954,,,1675.3601999999998
city_3,2024-04-03,1472.435,wednesday,False,normal_weekday,1421.437,1633.0396666666666,,50.99800000000005,3.5877777207150263,-160.60466666666662,-9.834707015689961,,,1633.0396666666666
city_3,2024-04-04,1956.67,thursday,False,qingming_period,1472.435,1610.096142857143,,484.2350000000001,32.8866809061181,346.57385714285715,21.525041139956773,,,1610.096142857143
city_3,2024-04-05,2007.069,friday,False,qingming_period,1956.67,1686.152,,50.39899999999989,2.5757537039970915,320.9169999999999,19.032507152380088,,,1956.67
city_3,2024-04-06,1891.705,saturday,True,qingming_period,2007.069,1763.128142857143,,-115.36400000000003,-5.747884103635701,128.57685714285685,7.292541819138483,,,2007.069
city_3,2024-04-07,1682.686,sunday,True,weekend,1891.705,1726.775,,-209.019,-11.049238649789476,-44.08900000000017,-2.5532567937339934,,,1891.705
city_3,2024-04-08,1307.961,monday,False,normal_weekday,1682.686,1688.3637142857144,,-374.7249999999999,-22.26945490721382,-380.4027142857144,-22.53085108777341,,,1688.3637142857144
city_3,2024-04-09,1408.727,tuesday,False,normal_weekday,1307.961,1677.1375714285714,,100.76600000000008,7.704052337951979,-268.4105714285713,-16.004087917483208,,,1677.1375714285714
city_3,2024-04-10,1406.767,wednesday,False,normal_weekday,1408.727,1675.3218571428572,,-1.9600000000000364,-0.13913270633700045,-268.55485714285714,-16.030045569921615,,,1675.3218571428572
city_3,2024-04-11,1224.053,thursday,False,normal_weekday,1406.767,1665.9407142857142,,-182.71399999999994,-12.988220508442403,-441.8877142857141,-26.524816309275273,,,1665.9407142857142
city_3,2024-04-12,1601.963,friday,False,normal_weekday,1224.053,1561.2811428571426,,377.90999999999985,30.873663150206713,40.681857142857325,2.605671459555937,,,1561.2811428571426
city_3,2024-04-13,1932.889,saturday,True,weekend,1601.963,1503.408857142857,,330.92599999999993,20.65753079190967,429.48014285714294,28.567088774064132,,,1601.963
city_3,2024-04-14,2053.286,sunday,True,weekend,1932.889,1509.2922857142858,,120.39700000000016,6.228862598938696,543.9937142857143,36.04296659001769,,,1932.889
city_3,2024-04-15,1515.494,monday,False,normal_weekday,2053.286,1562.235142857143,,-537.7920000000001,-26.191772602550262,-46.74114285714313,-2.9919403023836164,,,2053.286
city_3,2024-04-16,1451.59,tuesday,False,normal_weekday,1515.494,1591.8827142857142,,-63.903999999999996,-4.216710854678409,-140.29271428571428,-8.813005696130341,,,1591.8827142857142
city_3,2024-04-17,1547.088,wednesday,False,normal_weekday,1451.59,1598.0059999999999,,95.49800000000005,6.57885491082193,-50.91799999999989,-3.1863459836821573,,,1598.0059999999999
city_3,2024-04-18,1542.817,thursday,False,normal_weekday,1547.088,1618.051857142857,1535.0006666666668,-4.270999999999958,-0.276067036910632,-75.23485714285698,-4.6497185371861995,7.816333333333205,0.5092071621250026,1618.051857142857
city_3,2024-04-19,1848.948,friday,False,normal_weekday,1542.817,1663.5895714285714,1692.4226666666666,306.1310000000001,19.842340342373728,185.3584285714287,11.14207685326232,156.5253333333335,9.248595898424123,1692.4226666666666
city_3,2024-04-20,2450.177,saturday,True,weekend,1848.948,1698.873142857143,1990.2569999999998,601.229,32.517355815306864,751.3038571428572,44.223658505738925,459.9200000000003,23.108573415393106,1990.2569999999998
city_3,2024-04-21,2323.277,sunday,True,weekend,2450.177,1772.7714285714285,1895.8456666666668,-126.90000000000009,-5.179217664683003,550.5055714285716,31.053386948603485,427.4313333333332,22.545681900618835,2450.177
city_3,2024-04-22,1678.986,monday,False,normal_weekday,2323.277,1811.3415714285713,1403.3329999999999,-644.2909999999999,-27.731992353903557,-132.35557142857124,-7.30704652928519,275.65300000000025,19.64273625718203,2323.277
city_3,2024-04-23,1775.734,tuesday,False,normal_weekday,1678.986,1834.6975714285716,1427.2513333333334,96.74799999999982,5.762287475893177,-58.96357142857164,-3.213803318149059,348.48266666666655,24.41634900090009,1834.6975714285716
city_3,2024-04-24,1500.938,wednesday,False,normal_weekday,1775.734,1881.0038571428572,1475.43,-274.7959999999998,-15.475065522200952,-380.0658571428571,-20.205479946232355,25.508000000000038,1.7288519279125434,1881.0038571428572
city_3,2024-04-25,1472.848,thursday,False,normal_weekday,1500.938,1874.411,1536.95475,-28.090000000000146,-1.8714963576110502,-401.5630000000001,-21.423423144657182,-64.10675000000015,-4.171023902948356,1874.411
city_3,2024-04-26,1650.865,friday,False,normal_weekday,1472.848,1864.4154285714285,1731.554,178.01700000000005,12.086583272679873,-213.55042857142848,-11.454015306827689,-80.68900000000008,-4.659918200645205,1864.4154285714285
city_3,2024-04-27,2364.477,saturday,True,weekend,1650.865,1836.1178571428572,2105.237,713.6119999999999,43.22655092936126,528.3591428571426,28.775883901010076,259.2399999999998,12.31405300210854,2105.237
city_3,2024-04-28,1571.506,sunday,True,weekend,2364.477,1823.875,2002.7035,-792.9709999999998,-33.53684556880865,-252.36899999999991,-13.83696799396888,-431.1975,-21.530770780597326,2364.477
city_3,2024-04-29,1453.338,monday,False,normal_weekday,1571.506,1716.4791428571427,1472.2462500000001,-118.16800000000012,-7.519411316278787,-263.14114285714277,-15.330284900469845,-18.90825000000018,-1.284313001306689,1716.4791428571427
city_3,2024-04-30,1504.676,tuesday,False,normal_weekday,1453.338,1684.243714285714,1514.3719999999998,51.337999999999965,3.532419850028002,-179.56771428571415,-10.661622944626432,-9.695999999999913,-0.6402654037449129,1684.243714285714
city_3,2024-05-01,1900.618,wednesday,False,labor_day_period,1504.676,1645.521142857143,1481.807,395.942,26.314103501351788,255.09685714285683,15.502496473544443,418.8109999999999,28.263532295366396,1645.521142857143
city_3,2024-05-02,1666.886,thursday,False,labor_day_period,1900.618,1702.618285714286,1549.0970000000002,-233.73199999999997,-12.297684226919875,-35.732285714286036,-2.098666859982392,117.78899999999976,7.6037201027437105,1900.618
city_3,2024-05-03,1641.285,friday,False,labor_day_period,1666.886,1730.338,1777.21125,-25.600999999999885,-1.53585788110284,-89.05299999999988,-5.146566740139781,-135.92624999999998,-7.648288857050617,1777.21125
city_3,2024-05-04,1761.197,saturday,True,labor_day_period,1641.285,1728.9694285714286,2159.812,119.91199999999981,7.3059828122477075,32.22757142857131,1.8639757821050391,-398.615,-18.456004504095727,2159.812
city_3,2024-05-05,2290.698,sunday,True,labor_day_period,1761.197,1642.7865714285713,1907.68875,529.501,30.064836585572202,647.9114285714286,39.4397811523382,383.00924999999984,20.077135224496125,1907.68875
city_3,2024-05-06,1837.129,monday,False,normal_weekday,2290.698,1745.5282857142859,1488.94475,-453.56899999999996,-19.800471297394942,91.60071428571405,5.247735888062691,348.1842499999998,23.384631968378933,2290.698
city_3,2024-05-07,1805.519,tuesday,False,normal_weekday,1837.129,1800.3555714285717,1535.18175,-31.6099999999999,-1.7206195101160509,5.163428571428312,0.2868004883797017,270.33725000000004,17.609462202113857,1837.129
city_3,2024-05-08,1657.658,wednesday,False,normal_weekday,1805.519,1843.3331428571425,1588.85275,-147.8610000000001,-8.189390419042951,-185.67514285714265,-10.072793600908653,68.80524999999989,4.3304988457866775,1843.3331428571425
city_3,2024-05-09,1838.0140000000001,thursday,False,normal_weekday,1657.658,1808.6245714285717,1476.651,180.35600000000022,10.880169492138924,29.389428571428425,1.6249601512498917,361.36300000000006,24.47179462174881,1808.6245714285717
city_3,2024-05-10,1894.344,friday,False,normal_weekday,1838.0140000000001,1833.0714285714287,1685.76525,56.32999999999993,3.064720943366042,61.27257142857138,3.3426177765654805,208.57875000000013,12.372941606193397,1838.0140000000001
city_3,2024-05-11,1984.525,saturday,True,weekend,1894.344,1869.2227142857143,2127.185,90.18100000000004,4.760539796362226,115.30228571428574,6.168461619531848,-142.65999999999985,-6.7065158883688945,2127.185
city_3,2024-05-12,2686.345,sunday,True,weekend,1984.525,1901.1267142857143,2059.69175,701.8199999999997,35.364633854448776,785.2182857142855,41.30278533323884,626.6532499999998,30.424613294683528,2059.69175
city_3,2024-05-13,1821.249,monday,False,normal_weekday,2686.345,1957.6477142857143,1621.23675,-865.0959999999998,-32.20345860267389,-136.39871428571428,-6.967480067550458,200.01225,12.337016786721618,2686.345
city_3,2024-05-14,1830.799,tuesday,False,normal_weekday,1821.249,1955.3791428571426,1634.37975,9.549999999999955,0.5243654217517734,-124.58014285714262,-6.371150235095061,196.41924999999992,12.017968896151578,1955.3791428571426
city_3,2024-05-15,1779.28,wednesday,False,normal_weekday,1830.799,1958.9905714285717,1651.5755,-51.519000000000005,-2.8140172678704762,-179.7105714285717,-9.173631259364349,127.70450000000005,7.732283507475139,1958.9905714285717
city_3,2024-05-16,1689.025,thursday,False,normal_weekday,1779.28,1976.3651428571427,1630.14125,-90.25499999999988,-5.072557438964069,-287.3401428571426,-14.538818593093977,58.88375000000019,3.612186980729443,1976.3651428571427
city_3,2024-05-17,1836.687,friday,False,normal_weekday,1689.025,1955.081,1758.8605,147.6619999999998,8.742440165184044,-118.394,-6.055708177819743,77.8264999999999,4.424825050082135,1955.081
city_3,2024-05-18,2633.448,saturday,True,weekend,1836.687,1946.8442857142857,2140.094,796.761,43.380336442736294,686.6037142857142,35.26752084508923,493.3539999999998,23.05291262907142,2140.094
city_3,2024-05-19,2512.189,sunday,True,weekend,2633.448,2039.5475714285712,2217.9565,-121.25900000000001,-4.604571649031993,472.6414285714286,23.173836942688904,294.2325000000001,13.265927442670769,2633.448
city_3,2024-05-20,1801.818,monday,False,normal_weekday,2512.189,2014.6681428571428,1697.6755,-710.3709999999999,-28.276972791457965,-212.85014285714283,-10.565022513101589,104.14249999999993,6.134417325336905,2512.189
city_3,2024-05-21,1830.696,tuesday,False,normal_weekday,1801.818,2011.8922857142857,1729.182,28.87799999999993,1.6027145915958176,-181.19628571428575,-9.006261766641016,101.5139999999999,5.870637098928851,2011.8922857142857
city_3,2024-05-22,1620.989,wednesday,False,normal_weekday,1830.696,2011.8775714285712,1709.6235,-209.70699999999988,-11.455042235302852,-390.88857142857114,-19.429043644589836,-88.63449999999989,-5.184445581146954,2011.8775714285712
city_3,2024-05-23,1551.624,thursday,False,normal_weekday,1620.989,1989.2645714285716,1666.69325,-69.36500000000001,-4.279177711878366,-437.64057142857155,-22.00011892406469,-115.06925000000001,-6.904044880484157,1989.2645714285716
city_3,2024-05-24,1800.368,friday,False,normal_weekday,1551.624,1969.6358571428573,1755.79525,248.74399999999991,16.031203435883945,-169.26785714285734,-8.593865537581975,44.57275000000004,2.538607505630286,1969.6358571428573
city_3,2024-05-25,2945.67,saturday,True,weekend,1800.368,1964.4474285714282,2185.91175,1145.3020000000001,63.61488317943888,981.2225714285719,49.94903692292391,759.7582499999999,34.757041312395145,2185.91175
city_3,2024-05-26,2269.396,sunday,True,weekend,2945.67,2009.0505714285714,2265.1845,-676.2739999999999,-22.95824040031639,260.3454285714288,12.958629925691989,4.211500000000342,0.1859230451206223,2945.67
city_3,2024-05-27,1622.819,monday,False,normal_weekday,2269.396,1974.365857142857,1728.3835000000001,-646.5770000000002,-28.4911491868321,-351.5468571428571,-17.805557965411097,-105.56450000000018,-6.107701213301341,2269.396
city_3,2024-05-28,1579.917,tuesday,False,normal_weekday,1622.819,1948.7945714285718,1742.9225000000001,-42.902000000000044,-2.643671290513609,-368.87757142857185,-18.92849953692988,-163.0055000000002,-9.352423874268661,1948.7945714285718
city_3,2024-05-29,1468.666,wednesday,False,normal_weekday,1579.917,1912.9690000000003,1739.63625,-111.25099999999998,-7.041572437033084,-444.30300000000034,-23.22583376939199,-270.9702500000001,-15.57625911738733,1912.9690000000003
city_3,2024-05-30,1455.757,thursday,False,normal_weekday,1468.666,1891.2085714285713,1686.38725,-12.908999999999878,-0.8789609073812479,-435.45157142857124,-23.025042187686477,-230.63024999999993,-13.675995830732232,1891.2085714285713
city_3,2024-05-31,1577.657,friday,False,normal_weekday,1455.757,1877.5132857142855,1793.171,121.89999999999986,8.373650272675993,-299.8562857142856,-15.970927502662521,-215.51400000000012,-12.018597222462338,1877.5132857142855
city_3,2024-06-01,2289.499,saturday,True,weekend,1577.657,1845.6974285714284,2331.21,711.8419999999999,45.12020039843894,443.8015714285714,24.045196388016546,-41.71100000000024,-1.7892424963860072,2331.21
city_3,2024-06-02,2329.669,sunday,True,weekend,2289.499,1751.9587142857142,2439.6569999999997,40.17000000000007,1.7545323234471852,577.7102857142856,32.975108431697386,-109.98799999999983,-4.508338672198586,2439.6569999999997
city_3,2024-06-03,1613.128,monday,False,normal_weekday,2329.669,1760.5691428571429,1770.7537499999999,-716.5409999999999,-30.75720198878038,-147.44114285714295,-8.37462950292698,-157.62574999999993,-8.901618872754042,2329.669
city_3,2024-06-04,1571.828,tuesday,False,normal_weekday,1613.128,1759.1847142857143,1761.73275,-41.299999999999955,-2.560243204507017,-187.35671428571436,-10.650201355449319,-189.90474999999992,-10.779430080981347,1761.73275
city_3,2024-06-05,1524.173,wednesday,False,normal_weekday,1571.828,1758.029142857143,1631.6482499999997,-47.65499999999997,-3.03182027550088,-233.8561428571429,-13.302176690716328,-107.47524999999973,-6.5869129574955725,1758.029142857143
city_3,2024-06-06,1429.207,thursday,False,normal_weekday,1524.173,1765.9587142857142,1633.605,-94.9659999999999,-6.230657543467828,-336.7517142857141,-19.06905929122594,-204.3979999999999,-12.512082174087366,1765.9587142857142
city_3,2024-06-07,1632.057,friday,False,normal_weekday,1429.207,1762.1658571428572,1777.2640000000001,202.8499999999999,14.19318545179249,-130.10885714285723,-7.38346260741956,-145.2070000000001,-8.170254953681619,1777.2640000000001
city_3,2024-06-08,2097.349,saturday,True,dragon_boat_period,1632.057,1769.9372857142857,2463.2855,465.29200000000014,28.50954347795452,327.4117142857144,18.498492400174637,-365.9364999999998,-14.85562676352375,2463.2855
city_3,2024-06-09,1939.958,sunday,True,dragon_boat_period,2097.349,1742.4872857142857,2449.39975,-157.39100000000008,-7.504282787461698,197.4707142857144,11.332691831077929,-509.44174999999996,-20.798636482264683,2449.39975
city_3,2024-06-10,2274.469,monday,False,dragon_boat_period,1939.958,1686.814285714286,1714.7534999999998,334.51099999999997,17.24320835811909,587.6547142857141,34.83813951912734,559.7155000000002,32.64116387574076,1939.958
city_3,2024-06-11,1502.995,tuesday,False,normal_weekday,2274.469,1781.2915714285716,1703.31,-771.4740000000002,-33.91886194096293,-278.2965714285717,-15.623302545881451,-200.31500000000005,-11.760337225754563,2274.469
city_3,2024-06-12,1561.315,wednesday,False,normal_weekday,1502.995,1771.4582857142855,1598.277,58.320000000000164,3.880252429316143,-210.1432857142854,-11.8627284316521,-36.96199999999999,-2.3126153977064043,1771.4582857142855
city_3,2024-06-13,1624.116,thursday,False,normal_weekday,1561.315,1776.7642857142857,1531.40325,62.80099999999993,4.022314523334492,-152.64828571428575,-8.591363915946728,92.71274999999991,6.0541042994390875,1776.7642857142857
city_3,2024-06-14,1647.059,friday,False,normal_weekday,1624.116,1804.6084285714285,1711.69225,22.942999999999984,1.4126454021757056,-157.5494285714285,-8.730394144071932,-64.63325000000009,-3.7759854319606863,1804.6084285714285
city_3,2024-06-15,2316.719,saturday,True,weekend,1647.059,1806.7515714285714,2491.4915,669.6600000000001,40.657924215222415,509.9674285714286,28.225652969445324,-174.77250000000004,-7.0147740821110585,2491.4915
city_3,2024-06-16,2336.858,sunday,True,weekend,2316.719,1838.0901428571428,2262.803,20.139000000000124,0.8692897153258605,498.76785714285734,27.13511407920225,74.05500000000029,3.2727108811505152,2316.719
city_3,2024-06-17,1675.343,monday,False,normal_weekday,2336.858,1894.7901428571427,1828.0585,-661.5150000000001,-28.307881779723033,-219.44714285714258,-11.581606738054884,-152.71550000000002,-8.353972260734546,2336.858
city_3,2024-06-18,1717.376,tuesday,False,normal_weekday,1675.343,1809.2007142857144,1621.359,42.0329999999999,2.508919069110021,-91.82471428571444,-5.075429915578356,96.01700000000005,5.92200740243216,1809.2007142857144
city_3,2024-06-19,1544.894,wednesday,False,normal_weekday,1717.376,1839.8265714285715,1543.78575,-172.48199999999997,-10.043345196392634,-294.93257142857146,-16.030455044442853,1.1082499999999982,0.07178781122963457,1839.8265714285715
city_3,2024-06-20,1515.796,thursday,False,normal_weekday,1544.894,1837.4807142857142,1515.176,-29.097999999999956,-1.883494919392525,-321.6847142857141,-17.506834862795444,0.6200000000001182,0.04091933874349371,1837.4807142857142
city_3,2024-06-21,1686.856,friday,False,normal_weekday,1515.796,1822.0064285714286,1664.28525,171.05999999999995,11.285159744451096,-135.15042857142862,-7.417670237167898,22.57075000000009,1.3561827817677343,1822.0064285714286
city_3,2024-06-22,2346.876,saturday,True,weekend,1686.856,1827.6917142857142,2412.3092500000002,660.0200000000002,39.12722840598132,519.184285714286,28.406556841955705,-65.43325000000004,-2.712473535472288,2412.3092500000002
city_3,2024-06-23,2297.054,sunday,True,weekend,2346.876,1831.999857142857,2218.9702500000003,-49.822000000000116,-2.1229072179356776,465.054142857143,25.385053445497004,78.08374999999978,3.5189182910406203,2346.876
city_3,2024-06-24,1644.965,monday,False,normal_weekday,2297.054,1826.3135714285713,1796.43975,-652.0890000000002,-28.388057050465516,-181.3485714285714,-9.929760927457693,-151.47475000000009,-8.431941566645921,2297.054
city_3,2024-06-25,1769.486,tuesday,False,normal_weekday,1644.965,1821.973857142857,1593.029,124.52100000000019,7.569826713638296,-52.48785714285691,-2.8808238349350503,176.4570000000001,11.07682283247826,1821.973857142857
